Displacement	Force
0	1.2665
0.0002	3.1747
0.0015	44.5801
0.0043	147.2697
0.0076	259.5344
0.0118	386.9245
0.0165	511.9021
0.0212	619.8943
0.0257	710.8323
0.0301	789.0301
0.0344	856.8959
0.0386	918.2765
0.0429	977.1316
0.0471	1033.9479
0.0513	1089.5345
0.0556	1145.4404
0.0598	1200.6288
0.0641	1254.662
0.0683	1308.1387
0.0726	1360.3004
0.0768	1410.6471
0.081	1461.2039
0.0852	1510.4501
0.0894	1558.3997
0.0937	1607.2814
0.0979	1655.313
0.1021	1702.8851
0.1064	1750.8392
0.1107	1798.5623
0.1149	1845.4329
0.1191	1893.2888
0.1233	1941.0823
0.1275	1988.1544
0.1317	2035.8322
0.136	2084.7764
0.1403	2133.1006
0.1445	2181.2678
0.1487	2230.0796
0.153	2278.9893
0.1572	2327.3989
0.1614	2376.574
0.1657	2425.4561
0.1698	2473.8005
0.1741	2523.4045
0.1783	2573.0767
0.1826	2622.2971
0.1868	2672.5574
0.1911	2722.4346
0.1953	2771.3647
0.1995	2822.1145
0.2038	2872.8635
0.208	2922.5374
0.2122	2972.9131
0.2164	3023.3813
0.2207	3073.272
0.2249	3123.8872
0.2292	3175.3945
0.2334	3225.2395
0.2376	3274.938
0.2419	3325.6934
0.2461	3375.521
0.2503	3424.8823
0.2545	3473.8772
0.2588	3522.2886
0.263	3570.3499
0.2672	3620.2183
0.2715	3669.9492
0.2757	3718.7341
0.2799	3768.9512
0.2842	3819.1946
0.2883	3868.7029
0.2926	3919.9482
0.2969	3971.8386
0.3011	4022.915
0.3054	4074.7454
0.3096	4126.5088
0.3138	4177.5015
0.3181	4229.543
0.3223	4281.9751
0.3265	4333.9092
0.3307	4385.8604
0.335	4438.6587
0.3392	4491.2749
0.3434	4544.4385
0.3477	4598.5464
0.3519	4651.4404
0.3561	4703.6235
0.3603	4756.9731
0.3646	4810.751
0.3688	4864.1733
0.3731	4918.1958
0.3773	4972.8301
0.3815	5026.3081
0.3858	5081.1694
0.3901	5136.5376
0.3943	5190.5718
0.3985	5245.1826
0.4028	5300.3579
0.4069	5354.4531
0.4111	5409.2681
0.4154	5465.6387
0.4197	5520.8105
0.4239	5576.457
0.4281	5632.6201
0.4324	5687.7002
0.4365	5743.2383
0.4408	5799.8511
0.445	5855.791
0.4492	5911.2212
0.4535	5968.3745
0.4577	6025.3105
0.4619	6082.0391
0.4662	6140.5835
0.4705	6198.1582
0.4747	6254.3867
0.4789	6311.8076
0.4832	6369.7832
0.4874	6426.4526
0.4916	6483.7056
0.4959	6541.397
0.5001	6598.29
0.5043	6656.3208
0.5086	6715.0444
0.5128	6772.6191
0.517	6830.1782
0.5212	6888.3667
0.5254	6945.4419
0.5296	7002.8765
0.5339	7062.1279
0.5382	7120.6333
0.5424	7178.9365
0.5467	7238.4585
0.5509	7297.1372
0.5551	7354.8501
0.5594	7414.1919
0.5636	7473.5293
0.5678	7531.9204
0.572	7591.2432
0.5763	7650.6328
0.5805	7709.457
0.5847	7769.5542
0.589	7829.9106
0.5932	7888.7295
0.5974	7947.8901
0.6017	8007.9067
0.6059	8067.5244
0.6101	8127.9976
0.6144	8188.6689
0.6186	8248.3623
0.6228	8308.3145
0.6271	8369.3389
0.6314	8430.3184
0.6356	8490.3672
0.6398	8551.5352
0.644	8611.5205
0.6482	8671.4111
0.6524	8733.459
0.6567	8795.3096
0.661	8856.3027
0.6652	8918.0566
0.6695	8979.1592
0.6736	9038.5986
0.6779	9100.3057
0.6821	9162.2432
0.6863	9222.9287
0.6905	9284.5078
0.6948	9346.4209
0.699	9407.8633
0.7033	9470.2373
0.7076	9533.2627
0.7118	9594.3682
0.716	9655.3799
0.7202	9717.2725
0.7244	9778.8232
0.7287	9840.0205
0.7329	9902.5684
0.7372	9964.7715
0.7413	10025.7354
0.7456	10088.707
0.7499	10150.9521
0.7541	10211.5674
0.7583	10273.2959
0.7625	10334.6523
0.7667	10394.8809
0.771	10457.1025
0.7752	10519.6729
0.7795	10580.5371
0.7837	10642.2598
0.788	10703.5859
0.7922	10763.2988
0.7964	10824.0576
0.8007	10885.4287
0.8049	10945.2861
0.8091	11004.9893
0.8133	11065.4883
0.8176	11125.1494
0.8218	11184.585
0.8261	11245.0684
0.8303	11303.5107
0.8345	11360.9268
0.8387	11419.0566
0.843	11476.5547
0.8472	11532.9971
0.8514	11590.1992
0.8557	11646.2041
0.8599	11700.5762
0.8642	11756.0605
0.8684	11810.5537
0.8727	11862.7061
0.8769	11914.8281
0.8811	11965.8105
0.8853	12014.6104
0.8895	12064.0264
0.8938	12113.6592
0.898	12160.2432
0.9023	12205.7256
0.9065	12249.8408
0.9107	12290.2178
0.9149	12329.2021
0.9192	12367.3848
0.9234	12401.7402
0.9276	12432.0723
0.9318	12460.8037
0.9361	12485.0811
0.9403	12504.3105
0.9446	12520.373
0.9489	12528.8223
0.9531	12527.8633
0.9573	12520.0781
0.9616	12503.0156
0.9657	12473.1055
0.97	12434.6582
0.9742	12387.3018
0.9784	12331.6396
0.9827	12277.6963
0.9869	12230.8809
0.9912	12189.793
0.9954	12156.4727
0.9996	12131.7227
1.0038	12110.8721
1.008	12094.3721
1.0123	12082.959
1.0166	12072.6465
1.0208	12063.1416
1.0251	12056.7939
1.0293	12051.2783
1.0335	12047.0645
1.0377	12048.0938
1.042	12050.9482
1.0462	12053.5723
1.0504	12059.5098
1.0546	12066.4355
1.0588	12073.7471
1.0631	12083.6377
1.0674	12093.3545
1.0716	12100.1221
1.0758	12107.6543
1.08	12117.1846
1.0842	12126.1201
1.0885	12136.5234
1.0928	12148.2227
1.097	12158.4658
1.1012	12169.1631
1.1055	12182.9219
1.1097	12196.3262
1.1139	12209.0791
1.1182	12224.4307
1.1224	12237.7588
1.1266	12250.0186
1.1308	12265.5127
1.1351	12280.1416
1.1393	12291.9785
1.1436	12305.168
1.1479	12317.0459
1.152	12326.4014
1.1563	12338.5449
1.1605	12350.7705
1.1647	12360.6895
1.1689	12371.8848
1.1732	12383.7471
1.1774	12394.166
1.1816	12406.082
1.1859	12418.666
1.1902	12428.3184
1.1944	12437.5771
1.1986	12448.4482
1.2028	12458.0605
1.207	12467.4336
1.2113	12477.1074
1.2155	12484.7119
1.2197	12490.3408
1.224	12498.5566
1.2283	12506.3145
1.2325	12512.9434
1.2367	12522.0518
1.2409	12530.8574
1.2451	12538.1221
1.2493	12548.0488
1.2536	12558.5352
1.2578	12566.6455
1.2621	12575.2041
1.2664	12583.1719
1.2706	12588.8154
1.2748	12596.0322
1.279	12603.7334
1.2833	12609.293
1.2875	12615.1377
1.2917	12622.2842
1.296	12628.4971
1.3002	12634.8135
1.3045	12642.7656
1.3087	12648.4648
1.3129	12653.0234
1.3171	12659.7539
1.3213	12666.0449
1.3255	12671.5537
1.3298	12678.8936
1.3341	12685.6826
1.3383	12690.708
1.3425	12698.0684
1.3468	12705.1338
1.351	12710.6924
1.3552	12717.5625
1.3595	12724.0811
1.3637	12728.7236
1.3679	12735.1279
1.3722	12743.2109
1.3764	12748.8232
1.3806	12754.6514
1.3849	12761.5771
1.3891	12765.8438
1.3933	12770.5322
1.3976	12777.4678
1.4018	12783.6885
1.406	12788.8926
1.4102	12796.1484
1.4145	12802.6807
1.4187	12808.3652
1.423	12816.25
1.4272	12822.4814
1.4314	12826.957
1.4357	12833.6016
1.4399	12840.417
1.4441	12845.2959
1.4483	12852.1807
1.4526	12859.0439
1.4568	12863.8408
1.461	12869.9531
1.4653	12876.7051
1.4695	12881.1064
1.4738	12884.8809
1.478	12889.5781
1.4822	12893.0889
1.4864	12897.2646
1.4907	12903.9062
1.4949	12909.7949
1.4992	12915.2432
1.5034	12921.8125
1.5077	12927.8916
1.5119	12933.5586
1.5161	12941.6904
1.5203	12948.9414
1.5245	12954.5039
1.5287	12962.3887
1.533	12970.3164
1.5372	12977.2686
1.5415	12985.8125
1.5458	12993.6348
1.55	12998.3623
1.5542	13004.8447
1.5584	13013.1309
1.5626	13019.6689
1.5669	13026.9434
1.5711	13035.4268
1.5754	13041.7959
1.5796	13048.1924
1.5839	13056.2871
1.5881	13062.7812
1.5923	13069.1777
1.5965	13077.2227
1.6008	13083.0898
1.6049	13088.9844
1.6092	13098.3877
1.6135	13106.1729
1.6177	13112.5332
1.6219	13121.0215
1.6262	13128.5088
1.6304	13134.2744
1.6346	13142.8418
1.6389	13151.3125
1.6431	13157.9941
1.6473	13165.9463
1.6515	13174.2773
1.6558	13181.4873
1.66	13189.9639
1.6643	13198.9277
1.6685	13205.3574
1.6727	13212.2197
1.677	13220.5508
1.6812	13227.918
1.6854	13235.5996
1.6896	13244.2891
1.6939	13251.9385
1.6981	13258.792
1.7023	13268.6328
1.7066	13277.0996
1.7108	13283.3604
1.7151	13291.5332
1.7193	13299.4238
1.7235	13306.2012
1.7277	13315.4141
1.732	13324.9941
1.7362	13331.9033
1.7405	13339.9463
1.7447	13347.7305
1.749	13353.9043
1.7532	13362.0645
1.7574	13370.8066
1.7616	13377.9307
1.7658	13385.3828
1.7701	13394.252
1.7743	13402.1885
1.7785	13410.6182
1.7828	13420.0977
1.787	13426.7568
1.7912	13433.4561
1.7955	13442.7227
1.7997	13451.0254
1.8039	13458.416
1.8082	13467.5234
1.8124	13475.4531
1.8166	13481.7812
1.8209	13490.4434
1.8252	13499.5234
1.8294	13506.1943
1.8336	13514.1064
1.8379	13521.6631
1.842	13527.9238
1.8463	13536.0137
1.8505	13545.5225
1.8548	13552.4023
1.859	13559.9795
1.8632	13568.2373
1.8675	13574.498
1.8717	13581.7393
1.8759	13590.7686
1.8801	13598.2324
1.8843	13604.7207
1.8886	13613.6338
1.8928	13622.0439
1.8971	13629.29
1.9013	13638.4219
1.9056	13645.8975
1.9098	13652.1221
1.914	13660.5215
1.9183	13668.8379
1.9225	13675.2705
1.9267	13683.7373
1.931	13691.5889
1.9352	13697.6885
1.9394	13706.457
1.9437	13714.8145
1.9479	13721.1172
1.9521	13727.9873
1.9563	13736.0967
1.9606	13743.0195
1.9648	13750.6279
1.969	13759.7324
1.9733	13767.1396
1.9775	13773.9727
1.9818	13782.1523
1.986	13789.5996
1.9902	13796.1797
1.9945	13805.0137
1.9987	13812.7852
2.0029	13818.5273
2.0071	13826.4365
2.0114	13834.3232
2.0156	13841.2559
2.0199	13850.0654
2.0242	13857.4922
2.0283	13862.5371
2.0325	13870.1777
2.0368	13879.1133
2.041	13885.4443
2.0452	13892.8506
2.0495	13901.1816
2.0537	13908.0156
2.0579	13915.8203
2.0622	13925.0938
2.0665	13931.8076
2.0707	13937.6514
2.0749	13945.6318
2.0791	13952.3799
2.0833	13959.4922
2.0876	13968.4727
2.0918	13976.0254
2.0961	13982.2549
2.1003	13990.1328
2.1046	13997.5645
2.1088	14003.248
2.113	14011.1826
2.1172	14019.1338
2.1214	14024.7705
2.1256	14032.3975
2.1299	14041.4512
2.1341	14048.4258
2.1384	14055.9971
2.1427	14064.0771
2.1469	14069.3945
2.1511	14076.1357
2.1553	14084.5615
2.1596	14091.5215
2.1638	14098.1641
2.168	14105.9072
2.1723	14112.9248
2.1765	14119.8545
2.1808	14128.5039
2.185	14135.4141
2.1892	14140.6084
2.1934	14147.7666
2.1977	14154.3164
2.2018	14160.8486
2.2061	14169.3145
2.2104	14177.71
2.2146	14183.624
2.2188	14190.9785
2.2231	14198.6992
2.2273	14204.4053
2.2315	14211.5859
2.2358	14219.4736
2.24	14225.2852
2.2442	14231.7881
2.2484	14240.1416
2.2527	14247.0977
2.2569	14254.2012
2.2612	14262.4668
2.2654	14267.9941
2.2696	14273.5674
2.2738	14281.7061
2.2781	14288.4707
2.2823	14294.6484
2.2865	14302.8535
2.2908	14309.8838
2.295	14315.3682
2.2993	14323.376
2.3035	14330.8828
2.3077	14336.5547
2.312	14343.9707
2.3162	14350.8506
2.3204	14356.5547
2.3246	14364.0654
2.3289	14372.4844
2.3331	14378.7119
2.3374	14385.5332
2.3416	14392.9277
2.3458	14398.3867
2.35	14404.7588
2.3543	14412.8594
2.3585	14419.3945
2.3627	14425.2373
2.367	14433.4131
2.3712	14440.3535
2.3754	14446.7744
2.3797	14455.0869
2.384	14461.4502
2.3882	14466.1074
2.3924	14473.167
2.3967	14480.2764
2.4008	14486.1777
2.4051	14493.7012
2.4093	14501.1104
2.4135	14506.6016
2.4178	14514.3564
2.4221	14521.8047
2.4263	14527.2695
2.4305	14533.5732
2.4347	14540.8984
2.4389	14546.8037
2.4431	14553.2939
2.4474	14561.4336
2.4517	14567.8633
2.4559	14573.8809
2.4602	14581.4082
2.4644	14587.9756
2.4686	14593.2354
2.4728	14600.9883
2.4771	14607.3828
2.4813	14612.1172
2.4855	14619.2285
2.4897	14626.3936
2.4939	14632.3096
2.4982	14640.0781
2.5025	14647.1865
2.5067	14651.8184
2.5109	14658.5459
2.5151	14665.6895
2.5194	14671.4893
2.5236	14678.8291
2.5279	14686.3672
2.5321	14691.8125
2.5363	14698.0547
2.5406	14705.5156
2.5448	14711.0381
2.549	14715.9365
2.5533	14722.7139
2.5575	14728.5312
2.5617	14734.3145
2.566	14742.4404
2.5702	14749.333
2.5744	14754.8926
2.5787	14761.7305
2.5829	14767.6318
2.5871	14772.0859
2.5913	14779.3975
2.5956	14786.4023
2.5998	14791.6016
2.604	14798.7891
2.6083	14806.3262
2.6125	14812.4092
2.6167	14819.5557
2.621	14826.6465
2.6253	14830.8975
2.6295	14836.3311
2.6337	14844.1572
2.6379	14849.7686
2.6421	14855.4355
2.6464	14862.4844
2.6506	14868.3086
2.6549	14873.5205
2.6591	14881.3828
2.6634	14887.5449
2.6676	14892.2529
2.6718	14898.6953
2.676	14904.4521
2.6802	14910.1387
2.6844	14918.0645
2.6887	14925.6309
2.693	14930.6484
2.6972	14937.0273
2.7015	14943.8301
2.7057	14948.5332
2.7099	14954.8867
2.7141	14961.7373
2.7184	14966.6797
2.7226	14972.1875
2.7268	14979.3271
2.7311	14985.6523
2.7353	14992.0498
2.7396	14998.915
2.7438	15003.1494
2.748	15007.7861
2.7522	15015.123
2.7564	15021.6992
2.7606	15026.998
2.7649	15033.874
2.7691	15039.8857
2.7734	15044.9531
2.7776	15052.7109
2.7819	15059.501
2.7861	15063.7939
2.7903	15069.5508
2.7946	15075.3643
2.7988	15080.2676
2.803	15087.2041
2.8073	15095.0615
2.8115	15100.0889
2.8157	15105.7246
2.82	15112.0801
2.8242	15116.4033
2.8284	15121.7959
2.8327	15128.7979
2.8369	15134.2168
2.8411	15138.8506
2.8453	15145.8848
2.8496	15152.5635
2.8538	15158.6113
2.8581	15165.9277
2.8623	15170.8916
2.8665	15174.8994
2.8708	15181.3789
2.875	15187.7529
2.8792	15192.0703
2.8834	15198.7139
2.8877	15205.5674
2.8919	15210.377
2.8961	15217.2041
2.9004	15223.7441
2.9047	15228.1094
2.9089	15233.2578
2.9131	15239.1553
2.9173	15243.5508
2.9215	15249.2422
2.9258	15256.7666
2.93	15262.2988
2.9342	15267.8867
2.9385	15274.3877
2.9427	15279.2666
2.9469	15284.207
2.9512	15291.2178
2.9554	15297.2344
2.9596	15301.6719
2.9639	15307.6475
2.9681	15313.3369
2.9723	15318.5059
2.9766	15325.3848
2.9809	15330.9873
2.9851	15334.7861
2.9893	15340.9443
2.9935	15347.2344
2.9977	15351.9746
3.002	15358.0391
3.0062	15364.1729
3.0105	15368.7393
3.0147	15374.0537
3.019	15380.8936
3.0232	15386.0283
3.0274	15390.7734
3.0316	15396.8418
3.0358	15401.2031
3.04	15405.9502
3.0443	15413.501
3.0486	15420.0518
3.0528	15424.5166
3.0571	15430.2949
3.0613	15435.2588
3.0655	15438.9707
3.0697	15445.6338
3.074	15452.1758
3.0782	15456.4111
3.0824	15462.2031
3.0866	15467.7275
3.0909	15472.4062
3.0951	15478.9434
3.0994	15485.4893
3.1036	15489.2441
3.1078	15493.4746
3.1121	15499.2773
3.1163	15504.248
3.1205	15509.7695
3.1248	15516.2295
3.129	15521.5703
3.1332	15526.168
3.1375	15532.7871
3.1417	15538.3076
3.1459	15542.0508
3.1501	15547.8438
3.1544	15552.9941
3.1586	15557.3701
3.1628	15564.0293
3.1671	15570.7852
3.1713	15575.1475
3.1756	15580.7803
3.1798	15585.8477
3.184	15589.3564
3.1883	15595.2168
3.1925	15601.4287
3.1967	15605.582
3.2009	15610.1494
3.2052	15616.1133
3.2094	15621.1729
3.2136	15626.6279
3.2179	15633.4854
3.2222	15637.4824
3.2263	15641.2373
3.2306	15647.084
3.2348	15652.5049
3.239	15657.4199
3.2433	15663.7461
3.2475	15669.2549
3.2517	15673.0264
3.256	15679.1465
3.2603	15684.6982
3.2645	15688.3203
3.2687	15693.5381
3.273	15698.3916
3.2771	15701.6699
3.2813	15707.4482
3.2856	15714.6953
3.2899	15719.0498
3.2941	15724.0527
3.2984	15729.2344
3.3026	15732.2139
3.3068	15736.8711
3.311	15743.8154
3.3153	15749.0176
3.3194	15753.2832
3.3237	15758.9727
3.3279	15763.8115
3.3321	15769.0381
3.3364	15775.8818
3.3407	15780.5049
3.3449	15783.5957
3.3491	15788.6592
3.3534	15794.0723
3.3576	15797.9346
3.3618	15803.4941
3.3661	15809.0449
3.3703	15812.8926
3.3745	15818.6738
3.3788	15824.7627
3.383	15828.8086
3.3872	15833.0664
3.3915	15838.1748
3.3956	15841.7432
3.3998	15846.7275
3.4041	15853.5645
3.4084	15858.876
3.4126	15863.7041
3.4169	15869.0234
3.4211	15872.9863
3.4253	15876.7139
3.4296	15882.7793
3.4338	15887.3457
3.438	15890.3447
3.4423	15895.585
3.4465	15900.5205
3.4507	15904.9512
3.455	15911.3359
3.4592	15916.5518
3.4634	15919.5049
3.4676	15923.6299
3.4719	15929.0273
3.4761	15933.5098
3.4803	15939.5615
3.4846	15945.2344
3.4888	15948.8682
3.493	15953.1904
3.4973	15959.083
3.5015	15963.5596
3.5058	15967.8232
3.51	15973.1875
3.5142	15976.4424
3.5184	15979.6748
3.5226	15986.2656
3.5269	15991.8145
3.5312	15995.9004
3.5354	16001.4766
3.5397	16005.3154
3.5438	16007.7041
3.5481	16013.6875
3.5523	16019.2725
3.5565	16022.5791
3.5608	16027.4551
3.565	16032.3633
3.5692	16036.3877
3.5735	16042.5254
3.5778	16048.1543
3.582	16051.2656
3.5862	16054.9688
3.5904	16060.1445
3.5947	16064.3828
3.5989	16068.8301
3.6031	16074.5811
3.6074	16078.708
3.6116	16082.2773
3.6158	16088.1865
3.6201	16092.6328
3.6243	16095.8496
3.6285	16100.873
3.6328	16104.7041
3.6369	16107.5488
3.6412	16113.249
3.6455	16119.4883
3.6497	16123.2227
3.654	16128.4043
3.6582	16132.7207
3.6624	16135.667
3.6666	16141.0225
3.6709	16146.3301
3.6751	16149.8867
3.6793	16154.0205
3.6835	16159.0449
3.6878	16162.8262
3.692	16167.415
3.6963	16173.2197
3.7005	16176.4541
3.7047	16179.583
3.7089	16184.7246
3.7132	16189.2969
3.7174	16193.417
3.7217	16198.79
3.7259	16203.3877
3.7301	16206.1416
3.7344	16211.4502
3.7386	16215.9072
3.7428	16219.0303
3.7471	16224.0566
3.7513	16228.2988
3.7555	16230.9404
3.7597	16235.9512
3.764	16242.2109
3.7682	16246.3545
3.7725	16250.7432
3.7767	16255.293
3.7809	16257.2266
3.7851	16261.0547
3.7894	16266.6855
3.7936	16270.7334
3.7978	16274.2285
3.8021	16279.3584
3.8063	16283.6621
3.8105	16287.7686
3.8148	16293.4414
3.8191	16297.0273
3.8233	16299.4414
3.8275	16303.5381
3.8317	16307.7539
3.8359	16311.5293
3.8402	16317.2979
3.8444	16322.2832
3.8486	16325.0137
3.8529	16329.9053
3.8572	16334.9473
3.8614	16338.0254
3.8656	16341.6963
3.8698	16346.1357
3.874	16348.9863
3.8782	16352.9541
3.8825	16358.916
3.8868	16362.9766
3.891	16366.9482
3.8953	16371.8652
3.8995	16374.7939
3.9037	16377.7803
3.908	16383.1328
3.9122	16387.0781
3.9164	16389.8906
3.9206	16394.7598
3.9248	16398.9922
3.9291	16402.7793
3.9333	16408.5078
3.9376	16412.8809
3.9418	16414.8125
3.946	16418.2832
3.9502	16422.7754
3.9544	16426.5195
3.9587	16431.4316
3.963	16436.4922
3.9672	16439.5645
3.9714	16443.4062
3.9757	16448.7285
3.98	16452.0039
3.9842	16454.4883
3.9884	16458.8848
3.9926	16461.5352
3.9968	16464.5996
4.001	16470.3887
4.0053	16474.7363
4.0095	16478.0918
4.0138	16482.998
4.018	16486.3105
4.0222	16488.4609
4.0264	16493.8184
4.0307	16498.6719
4.0349	16501.2773
4.0391	16505.8125
4.0434	16510.248
4.0476	16513.2441
4.0519	16518.0508
4.0561	16523.002
4.0604	16525.2871
4.0646	16528.4375
4.0688	16532.7051
4.073	16535.8574
4.0773	16539.3418
4.0815	16543.875
4.0857	16546.9473
4.0899	16550.4609
4.0942	16555.7559
4.0984	16559.6211
4.1026	16562.4883
4.1069	16567.2168
4.1111	16570.5898
4.1153	16573.0547
4.1195	16578.2363
4.1238	16583.5215
4.128	16586.5703
4.1323	16591.0371
4.1366	16594.6699
4.1408	16596.3086
4.145	16600.9297
4.1493	16605.459
4.1535	16608.3262
4.1577	16611.5605
4.1619	16615.4453
4.1662	16618.5938
4.1704	16622.5703
4.1747	16627.3789
4.1789	16629.9277
4.1831	16632.6992
4.1873	16637.248
4.1915	16641.2207
4.1957	16644.5547
4.2	16649.4746
4.2043	16653.582
4.2085	16655.8848
4.2127	16660.4141
4.217	16664.4219
4.2212	16666.623
4.2254	16670.4414
4.2297	16673.9941
4.2339	16676.3711
4.2381	16680.7812
4.2424	16686.0684
4.2466	16688.9199
4.2508	16692.7383
4.2551	16696.4277
4.2593	16698.5352
4.2635	16702.0176
4.2678	16706.6289
4.272	16709.5254
4.2762	16712.1875
4.2804	16717.1094
4.2847	16721.2207
4.2889	16724.7344
4.2932	16729.7656
4.2974	16732.6074
4.3016	16734.3809
4.3059	16738.1758
4.3101	16742.1738
4.3143	16744.7871
4.3185	16749.0098
4.3228	16753.1426
4.327	16755.5801
4.3313	16760.2617
4.3355	16764.4863
4.3397	16766.2734
4.344	16768.9824
4.3482	16772.8398
4.3524	16775.5996
4.3566	16779.2285
4.3609	16784.541
4.3651	16787.9453
4.3694	16790.791
4.3736	16794.6133
4.3779	16797.4824
4.3821	16799.9902
4.3863	16804.4355
4.3905	16807.9473
4.3947	16809.8613
4.399	16814.3008
4.4032	16818.4121
4.4074	16821.5312
4.4117	16825.7695
4.416	16829.0703
4.4202	16830.2891
4.4244	16834.1523
4.4286	16838.5254
4.4328	16840.7695
4.4371	16844.3242
4.4413	16848.6367
4.4456	16850.916
4.4498	16854.3828
4.4541	16859.082
4.4583	16861.7734
4.4625	16864.0488
4.4668	16867.7031
4.471	16870.1152
4.4751	16873.1953
4.4794	16878.1855
4.4837	16882.0566
4.4879	16884.627
4.4922	16888.3672
4.4964	16891.2188
4.5006	16893.002
4.5048	16897.5176
4.5091	16901.0508
4.5133	16902.4062
4.5175	16906.1016
4.5217	16910.2559
4.526	16913.1465
4.5302	16917.3867
4.5345	16921.459
4.5387	16923.3242
4.5429	16926.1855
4.5472	16930.0527
4.5514	16932.4688
4.5556	16935.6699
4.5599	16939.3125
4.5641	16942.1562
4.5683	16945.2578
4.5726	16950.3789
4.5768	16953.373
4.581	16955.0117
4.5853	16958.6133
4.5895	16961.1367
4.5937	16963.3652
4.5979	16968.3398
4.6022	16972.873
4.6064	16974.8887
4.6107	16978.3281
4.6149	16981.5039
4.6191	16983.0254
4.6234	16986.5918
4.6276	16990.6445
4.6318	16992.5312
4.636	16995.2402
4.6403	16999.0996
4.6445	17002.2168
4.6487	17005.8555
4.653	17010.3848
4.6573	17012.3574
4.6614	17014.0332
4.6657	17017.9102
4.6699	17020.8633
4.6741	17023.5703
4.6784	17028.0645
4.6826	17031.1211
4.6868	17032.5527
4.6911	17036.8145
4.6954	17040.1602
4.6996	17041.8242
4.7038	17045.3184
4.7081	17048.2949
4.7122	17050.0312
4.7164	17053.9277
4.7207	17058.4434
4.725	17060.6211
4.7292	17063.6934
4.7335	17066.8906
4.7377	17068.3125
4.7419	17071.3594
4.7461	17075.4531
4.7503	17078.1328
4.7545	17080.6895
4.7588	17084.5273
4.763	17087.3203
4.7672	17090.1484
4.7715	17094.9668
4.7758	17097.5898
4.78	17098.7246
4.7842	17101.6387
4.7885	17104.4375
4.7927	17106.6055
4.7969	17110.375
4.8012	17113.7148
4.8054	17115.5293
4.8096	17119.2305
4.8139	17123.1035
4.8181	17124.9297
4.8223	17127.7988
4.8266	17131.0215
4.8307	17132.5547
4.8349	17135.9766
4.8392	17141.2598
4.8435	17143.9453
4.8477	17146.6797
4.852	17150.2695
4.8562	17152.1621
4.8604	17153.8828
4.8647	17157.9941
4.8689	17160.5586
4.8731	17161.6074
4.8774	17165.2695
4.8816	17168.6699
4.8858	17170.6074
4.8901	17174.5352
4.8943	17177.2871
4.8985	17178.2051
4.9027	17181.5371
4.907	17185.3008
4.9112	17187.5938
4.9154	17191.3477
4.9197	17194.793
4.9239	17196.4434
4.9281	17199.6309
4.9324	17203.2832
4.9367	17205.0879
4.9409	17206.8457
4.9451	17210.3301
4.9493	17212.5527
4.9535	17215.0547
4.9578	17219.543
4.962	17222.5254
4.9663	17224.123
4.9705	17227.1777
4.9748	17229.5215
4.9789	17230.623
4.9832	17234.541
4.9874	17237.6543
4.9916	17238.9941
4.9958	17242.4766
5.0001	17245.8828
5.0043	17248.1211
5.0086	17251.834
5.0129	17255.3613
5.0171	17256.2715
5.0213	17258.6445
5.0255	17262.5664
5.0298	17264.3711
5.034	17266.5996
5.0382	17269.8633
5.0425	17272.3945
5.0467	17275.1152
5.051	17279.4434
5.0552	17281.6914
5.0594	17282.5156
5.0636	17285.4609
5.0678	17287.666
5.072	17289.9512
5.0763	17294.1836
5.0805	17297.6348
5.0848	17299.3184
5.089	17302.5996
5.0933	17305.8555
5.0975	17307.0254
5.1017	17309.9336
5.106	17312.8594
5.1102	17313.9609
5.1144	17316.3242
5.1186	17320.4961
5.1229	17323.1738
5.1271	17325.7422
5.1314	17329.3633
5.1356	17330.3809
5.1398	17331.5742
5.1441	17335.2266
5.1483	17337.5703
5.1525	17339.6406
5.1567	17343.0488
5.161	17345.7031
5.1652	17347.502
5.1695	17351.7012
5.1737	17354.3633
5.1779	17355.4453
5.1822	17358.3398
5.1864	17360.7559
5.1906	17361.9297
5.1948	17365.6699
5.1991	17369.8594
5.2033	17371.3516
5.2076	17373.8027
5.2118	17376.9668
5.216	17378.3789
5.2203	17380.582
5.2245	17383.9023
5.2287	17385.9238
5.2329	17387.8535
5.2372	17391.3516
5.2414	17393.6719
5.2456	17395.7773
5.2499	17399.6641
5.2542	17401.3691
5.2584	17402.7305
5.2626	17405.9277
5.2668	17408.3906
5.271	17409.6504
5.2753	17412.8867
5.2795	17415.5488
5.2837	17416.7637
5.288	17420.793
5.2923	17424.3828
5.2965	17425.416
5.3007	17427.375
5.3049	17430.0879
5.3091	17431.6152
5.3133	17434.5078
5.3176	17438.6855
5.3219	17440.6855
5.3261	17442.8359
5.3304	17446.0352
5.3346	17446.9434
5.3388	17448.1602
5.343	17452.0781
5.3473	17454.4512
5.3515	17455.5918
5.3557	17458.9043
5.3599	17461.5312
5.3642	17463.6699
5.3684	17467.2793
5.3727	17469.6055
5.3769	17470.0273
5.3811	17472.373
5.3853	17475.4941
5.3895	17477.2148
5.3938	17480.1621
5.3981	17483.3926
5.4023	17484.4434
5.4065	17486.5254
5.4108	17489.9102
5.415	17491.4355
5.4192	17493.2168
5.4235	17496.4902
5.4277	17497.5586
5.4319	17499.3711
5.4361	17503.8066
5.4404	17506.3574
5.4446	17507.7012
5.4489	17510.7227
5.4531	17512.1895
5.4573	17512.4707
5.4615	17516.2266
5.4658	17519.4512
5.47	17520.2656
5.4742	17522.9102
5.4785	17525.7324
5.4827	17527.625
5.4869	17531.1348
5.4912	17534.582
5.4955	17535.2148
5.4997	17537.0781
5.5039	17539.6699
5.5081	17541.0332
5.5123	17543.2188
5.5166	17546.2852
5.5208	17547.8984
5.525	17549.6621
5.5293	17553.4668
5.5336	17555.4258
5.5377	17556.2305
5.542	17558.9961
5.5462	17560.709
5.5504	17562.1621
5.5547	17565.6445
5.5589	17568.7734
5.5632	17570.2109
5.5674	17572.8652
5.5717	17575.0293
5.5759	17575.5078
5.5801	17578.7246
5.5843	17581.7305
5.5886	17582.7969
5.5928	17584.9297
5.597	17587.5684
5.6012	17589.4746
5.6055	17591.8906
5.6098	17595.3086
5.614	17595.9746
5.6182	17596.9902
5.6224	17600.332
5.6266	17602.5977
5.6308	17604.4355
5.6351	17607.3984
5.6394	17609.5078
5.6436	17610.4727
5.6478	17614.3145
5.6521	17616.7598
5.6563	17617.498
5.6605	17619.7852
5.6648	17621.6211
5.669	17622.6035
5.6732	17625.6797
5.6775	17629.0508
5.6817	17630.1426
5.686	17632.3945
5.6902	17634.4902
5.6944	17635.0312
5.6986	17637.2598
5.7029	17640.6445
5.7071	17641.8047
5.7113	17642.8027
5.7155	17646.3496
5.7197	17648.7539
5.724	17651.0918
5.7283	17655.0762
5.7325	17656.4414
5.7367	17656.4863
5.741	17659.0352
5.7452	17661.4727
5.7494	17662.377
5.7537	17665.0684
5.7579	17667.3184
5.7621	17668.1406
5.7664	17671.3848
5.7706	17674.3926
5.7749	17674.875
5.7791	17676.334
5.7833	17678.7363
5.7875	17679.4492
5.7917	17681.8086
5.796	17685.8965
5.8002	17687.6719
5.8044	17689.4863
5.8087	17692.1465
5.813	17693.3574
5.8171	17694.7715
5.8214	17697.998
5.8257	17699.748
5.8298	17700.7012
5.8341	17703.3906
5.8383	17705.5469
5.8425	17707.2891
5.8468	17710.0312
5.8511	17711.5488
5.8553	17711.6816
5.8595	17713.6621
5.8637	17716.4473
5.8679	17717.7051
5.8722	17720.7285
5.8764	17723.7422
5.8807	17724.3398
5.8849	17726.084
5.8892	17729.3398
5.8934	17730.3691
5.8976	17731.6172
5.9019	17734.3203
5.9061	17735.0742
5.9102	17736.7441
5.9145	17740.998
5.9188	17743.0938
5.923	17743.8496
5.9273	17745.9414
5.9315	17747.0742
5.9357	17747.375
5.9399	17750.8242
5.9442	17753.4629
5.9484	17753.9492
5.9526	17756.7461
5.9569	17759.1465
5.9611	17760.3945
5.9653	17763.2695
5.9696	17765.9805
5.9738	17766.1836
5.978	17767.3652
5.9823	17769.8379
5.9865	17770.9531
5.9907	17772.9434
5.995	17775.8691
5.9992	17777.3184
6.0034	17778.6621
6.0077	17782.082
6.0119	17783.8535
6.0161	17784.6055
6.0204	17787.1719
6.0246	17788.2207
6.0288	17788.752
6.033	17791.6953
6.0373	17794.1621
6.0415	17795.3613
6.0458	17798.2246
6.05	17799.8535
6.0542	17800.0586
6.0585	17802.7832
6.0627	17805.2539
6.0669	17805.9258
6.0711	17807.2715
6.0754	17809.6934
6.0796	17811.1992
6.0838	17813.3555
6.0881	17816.3262
6.0924	17817.1719
6.0965	17817.8887
6.1008	17820.2598
6.105	17822.0996
6.1092	17823.9922
6.1135	17827.1699
6.1178	17828.5449
6.122	17828.8027
6.1262	17831.6914
6.1305	17833.5977
6.1347	17833.8125
6.1389	17835.9609
6.1431	17837.3184
6.1473	17837.6191
6.1515	17840.4941
6.1558	17844.2754
6.1601	17845.2617
6.1643	17847.1445
6.1686	17848.9316
6.1728	17848.4141
6.1769	17849.9805
6.1812	17853.3301
6.1854	17854.8887
6.1896	17856.2246
6.1939	17859.0332
6.1981	17860.8047
6.2024	17862.3301
6.2067	17865.2363
6.2109	17866.0156
6.2151	17865.959
6.2194	17867.9277
6.2236	17869.8789
6.2278	17870.418
6.232	17873.0957
6.2363	17875.5039
6.2405	17875.918
6.2447	17878.3262
6.249	17880.6484
6.2532	17881.2676
6.2574	17882.9473
6.2616	17884.8008
6.2658	17885.168
6.27	17887.5137
6.2743	17891.7188
6.2786	17893.5215
6.2828	17895.041
6.2871	17896.9629
6.2913	17897.1328
6.2955	17897.7188
6.2998	17900.5566
6.304	17902.0156
6.3082	17902.2676
6.3125	17904.543
6.3167	17906.2129
6.3209	17907.6523
6.3252	17910.8203
6.3294	17912.3828
6.3336	17912.1172
6.3378	17914.002
6.3421	17916.3945
6.3463	17917.6914
6.3505	17920.1191
6.3548	17922.5723
6.359	17922.8613
6.3632	17924.2695
6.3675	17927.0508
6.3718	17928.0391
6.376	17929.0957
6.3802	17931.3184
6.3844	17931.2402
6.3886	17932.1582
6.3929	17936.1035
6.3972	17938.2598
6.4014	17938.7637
6.4056	17940.8164
6.4099	17941.5664
6.414	17941.1738
6.4183	17944.1348
6.4225	17946.1699
6.4267	17946.8848
6.4309	17949.4238
6.4352	17951.3047
6.4394	17952.5312
6.4437	17955.3691
6.448	17958.0352
6.4522	17957.9453
6.4564	17958.666
6.4607	17960.4707
6.4649	17960.9688
6.4691	17962.6641
6.4733	17965.5059
6.4776	17966.6367
6.4818	17967.3828
6.486	17970.1406
6.4903	17971.584
6.4945	17971.8145
6.4987	17973.832
6.5029	17974.7949
6.5071	17975.0723
6.5114	17978.1113
6.5156	17980.8828
6.5199	17982.1367
6.5241	17984.5059
6.5284	17985.8711
6.5326	17985.416
6.5368	17987.541
6.5411	17989.9199
6.5453	17990.2598
6.5495	17991.6152
6.5538	17993.6094
6.558	17994.2617
6.5622	17996.0977
6.5665	17999.0469
6.5707	17999.8594
6.5749	17999.8965
6.5792	18001.4844
6.5834	18002.6777
6.5876	18004.2031
6.5919	18006.9727
6.5961	18008.4434
6.6003	18008.5723
6.6046	18011.3301
6.6088	18012.9453
6.613	18013.0176
6.6173	18015.1602
6.6215	18016.125
6.6257	18016.0742
6.6299	18018.5957
6.6342	18021.666
6.6384	18022.3496
6.6427	18023.9668
6.6469	18025.3691
6.6511	18024.502
6.6553	18025.7109
6.6596	18028.9766
6.6638	18030.5684
6.668	18031.5273
6.6723	18033.4844
6.6765	18034.2871
6.6807	18035.9316
6.685	18039.2129
6.6893	18040.0117
6.6935	18039.6191
6.6977	18041.1699
6.7019	18042.5723
6.7061	18043.4199
6.7104	18046.2539
6.7146	18048.0957
6.7188	18047.9297
6.7231	18050.2793
6.7274	18052.248
6.7316	18052.5273
6.7358	18053.793
6.74	18055.4238
6.7442	18055.582
6.7484	18056.959
6.7527	18060.0371
6.757	18061.3828
6.7612	18062.5703
6.7655	18064.1328
6.7697	18064.4453
6.7739	18065.2539
6.7781	18067.8262
6.7824	18068.9727
6.7866	18068.7207
6.7908	18070.9336
6.7951	18072.6484
6.7993	18073.7754
6.8036	18076.5566
6.8078	18077.8457
6.812	18077.209
6.8162	18078.752
6.8204	18081.0352
6.8246	18081.5781
6.8289	18083.7402
6.8332	18085.8457
6.8374	18085.8184
6.8416	18087.5879
6.8459	18089.9414
6.8501	18090.3965
6.8543	18090.832
6.8586	18092.4941
6.8628	18092.6289
6.867	18093.4141
6.8712	18096.6309
6.8755	18098.4062
6.8797	18099.2676
6.884	18101.0742
6.8882	18101.5957
6.8924	18101.3711
6.8966	18103.9707
6.9009	18106.1172
6.9051	18105.8516
6.9093	18107.5332
6.9136	18109.4648
6.9178	18110.4883
6.9221	18112.7695
6.9264	18114.7969
6.9306	18114.1797
6.9348	18114.3047
6.939	18115.832
6.9432	18116.3535
6.9474	18118.1133
6.9517	18119.998
6.9559	18120.8008
6.9601	18121.877
6.9644	18125.0391
6.9686	18126.1973
6.9728	18126.0957
6.9771	18127.9648
6.9813	18128.543
6.9855	18128.8086
6.9897	18131.7598
6.994	18134.2324
6.9982	18134.6602
7.0025	18136.3672
7.0068	18137.4219
7.011	18137.0859
7.0152	18139.0254
7.0195	18140.7969
7.0237	18140.8301
7.0279	18141.6289
7.0321	18143.1855
7.0363	18144.1836
7.0406	18146.3984
7.0449	18148.668
7.0491	18148.2305
7.0533	18148.3652
7.0575	18150.3711
7.0617	18151.6406
7.0659	18152.6641
7.0702	18154.9883
7.0745	18155.6133
7.0787	18155.4316
7.0829	18158.123
7.0872	18159.7812
7.0914	18159.6621
7.0957	18161.4766
7.0999	18162.582
7.1041	18162.1055
7.1083	18164.0625
7.1126	18166.9102
7.1168	18167.2598
7.1211	18168.7637
7.1253	18170.0098
7.1295	18169.2871
7.1337	18170.5684
7.1379	18173.3438
7.1422	18174.0312
7.1464	18174.4766
7.1506	18176.7285
7.1549	18177.5527
7.1591	18178.5938
7.1634	18181.6582
7.1676	18181.9707
7.1718	18181.3047
7.1761	18183.0801
7.1803	18184.4492
7.1845	18184.7441
7.1888	18186.8145
7.193	18188.2676
7.1972	18187.7695
7.2015	18189.7285
7.2057	18191.7852
7.2099	18191.793
7.2141	18192.7949
7.2184	18194.2344
7.2226	18194.0879
7.2268	18195.7695
7.2311	18199.0215
7.2353	18200.1055
7.2396	18200.8633
7.2438	18202.3906
7.248	18202.4512
7.2522	18202.7656
7.2565	18205.0156
7.2607	18206.0703
7.2649	18206.0117
7.2692	18207.8242
7.2734	18209.3125
7.2776	18210.0566
7.2819	18212.1055
7.2862	18212.5488
7.2904	18211.5215
7.2946	18212.9512
7.2988	18215.0117
7.303	18215.2578
7.3072	18217.2461
7.3115	18218.8672
7.3157	18219.0859
7.32	18221.0352
7.3243	18222.9863
7.3285	18222.9766
7.3327	18223.3301
7.337	18224.873
7.3412	18224.9473
7.3453	18225.6074
7.3496	18228.627
7.3539	18229.8398
7.3581	18230.0801
7.3624	18231.668
7.3666	18232.1074
7.3708	18231.7324
7.375	18233.752
7.3793	18234.7637
7.3834	18234.1582
7.3877	18236.125
7.3919	18238.3301
7.3962	18239.0156
7.4004	18241.0781
7.4047	18242.7656
7.4089	18241.8574
7.4131	18242.5293
7.4174	18244.3047
7.4216	18244.4199
7.4258	18245.6309
7.43	18247.666
7.4343	18248.1562
7.4385	18249.2676
7.4428	18251.832
7.447	18252.2617
7.4512	18251.5605
7.4554	18252.8438
7.4597	18253.4961
7.4639	18254.1055
7.4681	18256.9648
7.4724	18258.6289
7.4766	18258.2637
7.4809	18259.8691
7.4851	18261.2051
7.4893	18260.6875
7.4936	18262.4785
7.4978	18264.0137
7.502	18263.5117
7.5062	18264.3711
7.5105	18266.4141
7.5147	18267.3457
7.5189	18268.6777
7.5232	18270.7168
7.5274	18270.3984
7.5316	18270.3789
7.5359	18272.3789
7.5401	18273.2324
7.5443	18273.543
7.5486	18275.502
7.5528	18276.0352
7.557	18276.2188
7.5613	18278.7812
7.5656	18279.5312
7.5698	18278.6348
7.574	18280.252
7.5782	18280.9824
7.5824	18281.0391
7.5867	18283.5801
7.5909	18285.8223
7.5952	18285.7715
7.5994	18286.541
7.6037	18287.7266
7.6078	18287.2637
7.6121	18288.6191
7.6163	18290.5273
7.6205	18290.748
7.6247	18291.3242
7.629	18293.2441
7.6332	18293.9258
7.6375	18294.5938
7.6418	18296.832
7.646	18296.9375
7.6502	18296.25
7.6544	18297.9277
7.6587	18298.8184
7.6629	18298.4297
7.6671	18299.8789
7.6714	18301.3359
7.6756	18301.2871
7.6798	18303.7891
7.6841	18305.7012
7.6883	18305.5879
7.6925	18306.0703
7.6968	18307.4727
7.701	18307.3105
7.7052	18308.4082
7.7094	18310.8223
7.7137	18311.6738
7.7179	18312.3438
7.7222	18313.5078
7.7264	18313.1836
7.7306	18313.5449
7.7349	18316.0586
7.7391	18316.6328
7.7433	18316.0918
7.7476	18317.6875
7.7518	18318.7344
7.756	18319.373
7.7603	18321.5547
7.7645	18322.3965
7.7687	18321.5078
7.7729	18322.6152
7.7772	18324.3672
7.7814	18324.5625
7.7856	18326.2266
7.7899	18327.7285
7.7941	18327.3906
7.7984	18328.4102
7.8026	18329.9629
7.8069	18329.7148
7.8111	18330.2598
7.8153	18331.6758
7.8195	18331.0879
7.8237	18331.4746
7.828	18334.5742
7.8322	18335.8203
7.8365	18335.6367
7.8407	18336.8477
7.845	18336.8418
7.8491	18336.4609
7.8534	18338.3887
7.8576	18339.7793
7.8618	18339.3574
7.866	18341.0352
7.8703	18342.7402
7.8745	18343.2129
7.8788	18345.1973
7.8831	18346.5605
7.8873	18345.5293
7.8915	18346.0312
7.8957	18347.3867
7.8999	18347.1172
7.9042	18348.0371
7.9084	18349.9531
7.9127	18350.1367
7.9169	18350.5723
7.9212	18352.9121
7.9254	18353.3926
7.9296	18352.502
7.9338	18353.5625
7.938	18353.8418
7.9422	18353.998
7.9465	18356.6543
7.9507	18358.6758
7.955	18358.8184
7.9592	18360.2305
7.9635	18360.6836
7.9677	18359.7539
7.9719	18361.4902
7.9762	18362.9531
7.9804	18362.625
7.9846	18363.2324
7.9889	18364.9805
7.9931	18365.6777
7.9973	18366.8066
8.0016	18368.4551
8.0058	18367.3008
8.01	18367.0078
8.0143	18368.9902
8.0185	18369.8496
8.0227	18370.0625
8.0269	18371.6055
8.0312	18372.2246
8.0354	18372.1602
8.0397	18374.5488
8.0439	18375.2656
8.0481	18374.5566
8.0524	18375.6602
8.0566	18375.7754
8.0608	18375.3887
8.065	18377.5332
8.0693	18379.4688
8.0735	18379.1875
8.0778	18380.2715
8.082	18381.5391
8.0862	18380.9629
8.0904	18381.793
8.0947	18383.6172
8.0989	18383.4297
8.1031	18383.2207
8.1074	18385.082
8.1116	18385.9297
8.1158	18386.9102
8.1201	18389.3223
8.1244	18389.0449
8.1286	18388.041
8.1328	18389.5039
8.137	18390.5371
8.1412	18390.5547
8.1455	18392.1445
8.1497	18392.7617
8.1539	18392.1816
8.1582	18394.459
8.1625	18396.2344
8.1667	18395.7148
8.1709	18396.3066
8.1751	18396.8926
8.1793	18396.0664
8.1835	18397.541
8.1878	18400.1895
8.1921	18400.3594
8.1963	18400.9961
8.2006	18402.3438
8.2048	18402.1953
8.209	18402.4121
8.2132	18403.9121
8.2175	18403.9512
8.2217	18403.5332
8.2259	18405.252
8.2301	18406.0254
8.2344	18406.5098
8.2386	18408.7969
8.2429	18409.1641
8.2471	18407.7207
8.2513	18408.8867
8.2556	18410.5645
8.2598	18410.5879
8.264	18412.0879
8.2683	18413.3477
8.2725	18412.3027
8.2767	18413.1094
8.281	18415.3047
8.2852	18415.2539
8.2894	18415.2129
8.2937	18416.6035
8.2979	18416.0996
8.3021	18416.3984
8.3063	18418.9023
8.3106	18419.8008
8.3148	18419.6914
8.3191	18421.0566
8.3233	18420.9062
8.3275	18420.2598
8.3317	18422.5645
8.336	18423.3926
8.3402	18422.8496
8.3444	18423.9785
8.3487	18424.8867
8.3529	18424.7402
8.3572	18426.3496
8.3615	18427.8906
8.3657	18426.5684
8.3699	18426.5098
8.3741	18428.1191
8.3783	18428.2305
8.3825	18429.3438
8.3868	18431.166
8.391	18431.1719
8.3952	18431.5137
8.3995	18433.4941
8.4038	18433.9082
8.408	18433.2793
8.4122	18434.5625
8.4164	18434.3359
8.4206	18433.7383
8.4248	18436.1875
8.4291	18438.2363
8.4334	18438.0742
8.4376	18439.1875
8.4419	18439.6621
8.4461	18438.332
8.4503	18439.5195
8.4546	18440.7363
8.4588	18440.1113
8.463	18440.7383
8.4672	18441.957
8.4714	18442.5098
8.4757	18443.7168
8.48	18445.0137
8.4842	18443.9824
8.4883	18443.7988
8.4926	18445.1406
8.4968	18445.6836
8.501	18446.7227
8.5053	18448.7129
8.5096	18449.1836
8.5138	18448.3379
8.518	18450.0156
8.5223	18450.8945
8.5265	18450.2168
8.5308	18451.2969
8.535	18451.4941
8.5392	18450.4219
8.5434	18451.8789
8.5477	18453.8594
8.5519	18453.6309
8.5561	18454.7051
8.5604	18455.623
8.5646	18454.4375
8.5688	18455.0605
8.573	18457.1426
8.5773	18457.4707
8.5815	18457.5039
8.5857	18458.9902
8.59	18459.4316
8.5942	18460.1367
8.5985	18462.2754
8.6027	18462.1426
8.6069	18460.7441
8.6112	18461.4688
8.6154	18462.2109
8.6196	18461.9961
8.6239	18463.2871
8.6281	18464.5801
8.6323	18464.0801
8.6366	18465.6152
8.6408	18466.7266
8.645	18466.1465
8.6493	18466.7266
8.6535	18467.2109
8.6577	18466.5645
8.6619	18467.7285
8.6662	18470.416
8.6704	18470.7305
8.6747	18471.3281
8.6789	18472.3359
8.6832	18471.2773
8.6874	18471.1895
8.6916	18472.8086
8.6958	18472.9473
8.7	18472.3379
8.7043	18473.7363
8.7085	18474.5898
8.7127	18474.7402
8.717	18476.4629
8.7213	18476.832
8.7255	18475.6016
8.7297	18476.2832
8.7339	18477.4121
8.7381	18477.377
8.7424	18478.7754
8.7466	18479.9902
8.7508	18479.4082
8.7551	18480.459
8.7593	18481.9473
8.7636	18481.707
8.7678	18481.6211
8.7721	18482.5742
8.7763	18481.6387
8.7804	18481.543
8.7847	18483.8223
8.789	18484.4102
8.7932	18484.4004
8.7975	18485.8613
8.8017	18485.5938
8.8059	18484.6309
8.8101	18486.7129
8.8144	18487.3926
8.8186	18486.4648
8.8228	18487.6406
8.827	18488.5801
8.8312	18488.834
8.8355	18490.7148
8.8398	18492.0488
8.844	18490.5977
8.8482	18490.8535
8.8525	18492.2598
8.8567	18491.9707
8.8609	18492.5078
8.8652	18493.8789
8.8694	18493.6855
8.8736	18493.7695
8.8779	18495.7441
8.8821	18495.8262
8.8863	18495.0312
8.8906	18496.1113
8.8948	18496.1016
8.899	18495.5527
8.9032	18497.6797
8.9075	18498.8809
8.9117	18498.5508
8.916	18499.8867
8.9202	18500.2656
8.9244	18498.9434
8.9287	18500.2129
8.9329	18501.6914
8.9371	18500.9863
8.9413	18501.3242
8.9456	18502.2207
8.9498	18502.4453
8.9541	18503.7227
8.9583	18505.3047
8.9626	18504.207
8.9667	18503.5781
8.971	18504.5879
8.9752	18505.0625
8.9794	18505.5352
8.9837	18507.0039
8.988	18507.1504
8.9921	18506.2012
8.9964	18507.8203
9.0007	18508.3438
9.0049	18507.582
9.0091	18508.998
9.0133	18509.0469
9.0175	18507.8008
9.0217	18509.3809
9.026	18511.4727
9.0302	18511.3555
9.0345	18512.1523
9.0388	18512.877
9.0429	18511.4414
9.0471	18511.9551
9.0514	18513.9707
9.0556	18513.7559
9.0598	18513.4473
9.0641	18514.3926
9.0683	18514.5645
9.0726	18515.6523
9.0769	18517.6309
9.0811	18516.7598
9.0853	18515.5332
9.0895	18516.416
9.0938	18516.9258
9.098	18516.8867
9.1022	18518.1719
9.1065	18518.8066
9.1107	18518.1348
9.1149	18519.9922
9.1192	18521.3281
9.1234	18520.2715
9.1276	18520.6621
9.1319	18521.0137
9.136	18520.0664
9.1403	18521.2051
9.1445	18523.0801
9.1488	18523.041
9.153	18523.752
9.1573	18524.4043
9.1615	18523.3496
9.1657	18523.4199
9.17	18524.9473
9.1742	18525.0215
9.1784	18524.4355
9.1826	18525.5391
9.1869	18525.75
9.1911	18526.1094
9.1954	18528.1191
9.1996	18528.3496
9.2038	18527.0801
9.208	18527.4746
9.2123	18528.5703
9.2165	18528.4043
9.2207	18529.4121
9.225	18530.3457
9.2292	18529.4941
9.2334	18530.502
9.2377	18532.1621
9.242	18531.7559
9.2462	18531.6035
9.2504	18532.0781
9.2546	18530.9121
9.2588	18530.8789
9.2631	18533.2812
9.2673	18533.7363
9.2716	18533.7246
9.2758	18534.8359
9.2801	18534.3262
9.2842	18533.4102
9.2885	18535.123
9.2927	18535.875
9.2969	18535.3477
9.3011	18536.3281
9.3054	18536.9746
9.3096	18536.8711
9.3139	18538.5391
9.3182	18539.5
9.3224	18538.0996
9.3266	18537.8906
9.3309	18538.9199
9.3351	18538.3965
9.3393	18539.0039
9.3436	18540.1836
9.3478	18539.6562
9.352	18539.3145
9.3563	18540.9922
9.3605	18540.8438
9.3647	18540.1934
9.3689	18541.1484
9.3731	18540.9883
9.3773	18540.8398
9.3816	18542.8105
9.3858	18544.0918
9.3901	18543.8848
9.3943	18545.1582
9.3986	18545.207
9.4028	18543.7559
9.407	18545.0898
9.4113	18545.8926
9.4155	18545.2852
9.4197	18545.7656
9.424	18546.2793
9.4282	18546.0273
9.4324	18546.5586
9.4367	18548.0059
9.4409	18546.9961
9.4451	18546.1504
9.4493	18547.3008
9.4536	18547.7383
9.4578	18548.0508
9.462	18549.5137
9.4663	18550.0039
9.4705	18549.207
9.4748	18550.4238
9.479	18550.7422
9.4832	18549.9512
9.4875	18551.0098
9.4917	18550.8008
9.4959	18549.6426
9.5001	18551.4004
9.5044	18553.3262
9.5086	18552.625
9.5129	18552.9883
9.5172	18553.2148
9.5213	18551.459
9.5255	18552.0879
9.5298	18553.7266
9.534	18553.2207
9.5382	18553.1934
9.5425	18554.5586
9.5467	18554.9395
9.5509	18555.3555
9.5552	18557.3203
9.5595	18557.0996
9.5637	18555.9414
9.5679	18556.3359
9.5721	18556.9141
9.5763	18556.7812
9.5806	18558.377
9.5849	18558.8672
9.5891	18557.7305
9.5933	18558.9785
9.5976	18559.7363
9.6018	18558.6055
9.606	18558.4961
9.6102	18558.7676
9.6144	18557.8047
9.6186	18558.4766
9.6229	18560.6484
9.6271	18560.8457
9.6314	18561.3262
9.6357	18562.4199
9.6399	18561.9766
9.6441	18561.6016
9.6483	18562.3672
9.6526	18562.2188
9.6568	18561.5117
9.661	18562.4727
9.6652	18562.6328
9.6695	18562.5254
9.6737	18564.6953
9.678	18564.8242
9.6822	18563.0293
9.6864	18563.6582
9.6907	18564.877
9.6949	18564.0273
9.6991	18565.0352
9.7034	18566.2969
9.7076	18565.2617
9.7118	18565.748
9.7161	18566.9062
9.7203	18566.2188
9.7245	18565.9922
9.7288	18566.4844
9.733	18565.5352
9.7372	18566.1953
9.7414	18568.3242
9.7457	18568.5801
9.7499	18568.2285
9.7542	18569.0391
9.7584	18568.541
9.7626	18567.3477
9.7668	18568.7637
9.7711	18569.4688
9.7753	18568.4785
9.7795	18569.8203
9.7838	18570.7461
9.788	18570.041
9.7923	18571.0449
9.7966	18571.8027
9.8008	18570.2188
9.805	18570.082
9.8092	18571.084
9.8134	18570.5137
9.8176	18571.1055
9.8219	18572.0859
9.8261	18571.791
9.8303	18572.2363
9.8346	18573.7168
9.8389	18573.0977
9.843	18572.168
9.8473	18573.0449
9.8515	18572.6484
9.8557	18572.3867
9.8599	18574.2754
9.8642	18575.166
9.8684	18574.1816
9.8727	18574.8145
9.877	18575.166
9.8812	18574.3867
9.8854	18575.3535
9.8897	18575.7129
9.8938	18574.2539
9.8981	18574.5391
9.9023	18575.9824
9.9065	18576.041
9.9108	18576.7637
9.9151	18578.1328
9.9193	18576.7422
9.9235	18576.123
9.9277	18577.334
9.9319	18577.291
9.9361	18577.082
9.9404	18578.0488
9.9447	18578.125
9.9489	18577.332
9.9531	18579.0547
9.9574	18579.4043
9.9616	18578.2383
9.9659	18578.6777
9.9701	18578.0078
9.9743	18576.9727
9.9785	18578.6523
9.9828	18580.1484
9.987	18579.4336
9.9912	18580.168
9.9955	18580.6582
9.9997	18579.1035
10.0039	18579.7051
10.0081	18581.2246
10.0124	18580.5273
10.0166	18580.2949
10.0208	18581.6855
10.0251	18581.8496
10.0293	18582.0293
10.0336	18583.3984
10.0378	18582.6895
10.042	18581.4922
10.0463	18581.6797
10.0505	18581.4785
10.0547	18580.8164
10.059	18582.1074
10.0632	18582.5918
10.0674	18581.9727
10.0717	18583.6934
10.0759	18584.2637
10.0801	18582.9414
10.0843	18583.248
10.0886	18583.6191
10.0928	18582.4609
10.097	18583.3027
10.1013	18585.5059
10.1055	18585.3477
10.1098	18585.8008
10.114	18586.6367
10.1182	18585.6641
10.1224	18585.1465
10.1267	18586.4707
10.1309	18586.627
10.1351	18585.5918
10.1394	18586.2051
10.1436	18586.2617
10.1479	18585.8457
10.1521	18586.9785
10.1564	18586.6582
10.1606	18585.3555
10.1648	18585.9199
10.169	18586.8242
10.1732	18586.082
10.1775	18587.1406
10.1817	18587.957
10.1859	18586.8301
10.1902	18587.4121
10.1945	18588.7852
10.1987	18588.2754
10.2029	18587.834
10.2071	18588.0547
10.2113	18587.0625
10.2155	18587.6504
10.2198	18589.9512
10.2241	18590.043
10.2283	18589.002
10.2326	18589.0625
10.2368	18588.4102
10.241	18587.2891
10.2452	18588.7559
10.2495	18589.1855
10.2536	18588.1465
10.2579	18589.3574
10.2621	18590.1094
10.2663	18589.6699
10.2706	18590.7852
10.2749	18591.4004
10.2791	18589.8379
10.2833	18589.5664
10.2876	18590.3535
10.2918	18589.8457
10.296	18590.2168
10.3003	18590.8125
10.3045	18590.2402
10.3087	18590.707
10.313	18592.4941
10.3172	18591.9316
10.3214	18590.6309
10.3257	18591.0234
10.3299	18590.5781
10.3341	18590.377
10.3383	18591.959
10.3426	18592.5215
10.3468	18591.7383
10.3511	18592.5371
10.3553	18592.8496
10.3595	18591.6328
10.3638	18592.3418
10.368	18592.8516
10.3722	18591.4688
10.3764	18591.3594
10.3807	18592.5996
10.3849	18592.5078
10.3891	18593.334
10.3934	18594.377
10.3977	18592.6797
10.4018	18591.9863
10.4061	18592.9082
10.4103	18592.5586
10.4145	18592.5742
10.4188	18593.6113
10.423	18592.9863
10.4272	18592.4863
10.4315	18594.3477
10.4358	18594.6367
10.44	18592.9004
10.4442	18593.4258
10.4484	18593.3086
10.4526	18592.5703
10.4568	18594.1426
10.4611	18595.7324
10.4654	18594.6504
10.4696	18594.9316
10.4739	18595.2168
10.4781	18594.002
10.4823	18594.4551
10.4865	18595.2988
10.4907	18594.0039
10.4949	18593.5215
10.4992	18594.9961
10.5034	18595.2129
10.5077	18595.5137
10.512	18596.6855
10.5162	18595.4102
10.5204	18594.1543
10.5246	18595.3652
10.5289	18595.416
10.5331	18594.5742
10.5373	18595.4961
10.5416	18595.8164
10.5458	18594.8965
10.55	18596.459
10.5543	18597.0273
10.5585	18595.334
10.5627	18595.2129
10.567	18595.2109
10.5711	18594.5391
10.5754	18595.457
10.5797	18597.0137
10.5839	18596.4375
10.5881	18596.4102
10.5924	18597.0039
10.5966	18595.9648
10.6008	18595.7949
10.6051	18596.8301
10.6093	18596.0547
10.6135	18594.752
10.6178	18595.5273
10.622	18595.9902
10.6262	18596.3828
10.6305	18597.8594
10.6347	18597.3496
10.6389	18595.4805
10.6431	18595.9375
10.6474	18596.666
10.6516	18596.3027
10.6558	18597.3984
10.6601	18597.9355
10.6643	18596.4102
10.6686	18597.0117
10.6728	18597.9531
10.6771	18596.7051
10.6813	18596.1621
10.6855	18596.6055
10.6897	18595.377
10.6939	18595.248
10.6982	18597.0645
10.7024	18597.5039
10.7067	18597.3438
10.7109	18597.7988
10.7152	18596.6133
10.7193	18595.1484
10.7236	18596.4941
10.7278	18596.8574
10.732	18596.1914
10.7362	18597.2305
10.7405	18597.4258
10.7447	18596.8711
10.749	18598.25
10.7533	18598.4883
10.7575	18596.4043
10.7617	18596.0449
10.766	18596.8613
10.7702	18596.168
10.7744	18596.459
10.7787	18597.1094
10.7829	18596.1699
10.7871	18596.0039
10.7913	18597.4863
10.7956	18597.3906
10.7998	18596.5762
10.804	18597.2461
10.8082	18596.3496
10.8124	18595.4414
10.8167	18597.4531
10.821	18598.627
10.8252	18597.9746
10.8295	18598.4102
10.8337	18597.5664
10.8379	18595.8984
10.8421	18597.041
10.8464	18597.6016
10.8506	18596.0957
10.8548	18596.0664
10.8591	18596.4199
10.8633	18596.2363
10.8675	18596.6797
10.8718	18597.5293
10.876	18596.1934
10.8802	18595.3008
10.8844	18596.1523
10.8887	18596.1621
10.8929	18596.3477
10.8971	18597.3809
10.9014	18596.8477
10.9056	18595.8203
10.9099	18596.9434
10.9141	18596.9004
10.9183	18595.7383
10.9226	18596.5527
10.9268	18596.0605
10.931	18594.6738
10.9352	18595.6289
10.9395	18597.1504
10.9437	18596.4219
10.948	18596.5527
10.9523	18596.4453
10.9564	18594.2246
10.9606	18594.1113
10.9649	18595.0469
10.9691	18594.5469
10.9733	18594.7617
10.9776	18595.7441
10.9818	18595.418
10.986	18595.7285
10.9903	18597.4766
10.9946	18596.3711
10.9988	18594.9277
11.003	18595.1895
11.0072	18594.9355
11.0114	18594.1875
11.0157	18595.2344
11.0199	18595.4512
11.0241	18594.2812
11.0284	18595.6836
11.0327	18596.1055
11.0369	18594.7734
11.0411	18594.5352
11.0453	18594.4551
11.0495	18593.0723
11.0537	18593.7598
11.058	18595.4883
11.0623	18594.9551
11.0665	18595.2676
11.0708	18595.4062
11.075	18594.0957
11.0792	18593.7285
11.0835	18594.752
11.0877	18594.3281
11.0919	18593.2324
11.0961	18594.0488
11.1003	18594.2031
11.1046	18593.7637
11.1088	18595.0254
11.1131	18594.5566
11.1173	18592.9922
11.1215	18592.5918
11.1258	18593.0664
11.13	18592.4961
11.1342	18593.4258
11.1385	18593.8906
11.1427	18592.7637
11.1469	18593.2988
11.1512	18594.0957
11.1554	18593.0059
11.1596	18592.5938
11.1639	18592.9258
11.1681	18591.3184
11.1723	18591.1699
11.1765	18593.2754
11.1808	18593.1699
11.185	18592.5234
11.1893	18593.0098
11.1935	18591.6387
11.1977	18590.3828
11.2019	18591.9492
11.2062	18592.3242
11.2104	18590.9434
11.2146	18591.7012
11.2189	18592.0117
11.2231	18591.3066
11.2274	18592.207
11.2317	18592.2988
11.2359	18590.6836
11.2401	18590.4707
11.2443	18590.8418
11.2485	18589.8203
11.2527	18590.084
11.257	18590.9121
11.2612	18589.9121
11.2654	18589.5215
11.2697	18591
11.2739	18590.7207
11.2781	18589.5996
11.2824	18589.9863
11.2866	18589.2188
11.2908	18588.127
11.295	18589.4844
11.2993	18590.2773
11.3036	18589.5508
11.3078	18590.0078
11.3121	18589.6074
11.3163	18587.5059
11.3205	18588.3262
11.3248	18588.8008
11.329	18587.5
11.3332	18587.5684
11.3374	18587.9512
11.3416	18587.2734
11.3459	18588.0781
11.3502	18589.0898
11.3544	18587.5684
11.3586	18586.6934
11.3628	18587.1406
11.367	18586.8555
11.3712	18586.8047
11.3755	18588.0254
11.3798	18587.7773
11.384	18586.4004
11.3883	18587.0449
11.3925	18586.8477
11.3967	18585.5195
11.401	18585.9082
11.4052	18585.2188
11.4094	18583.752
11.4136	18585.1641
11.4179	18586.3574
11.4221	18585.2578
11.4264	18585.4629
11.4306	18585.3184
11.4348	18583.1738
11.439	18583.2578
11.4433	18584.1953
11.4475	18583.1328
11.4517	18582.8652
11.4559	18583.7422
11.4602	18583.3594
11.4644	18583.6348
11.4687	18584.7402
11.4729	18583.6133
11.4771	18581.8848
11.4814	18582.1133
11.4856	18581.7617
11.4898	18581.1309
11.4941	18582.2852
11.4983	18582.2754
11.5025	18580.7773
11.5068	18581.7891
11.511	18582.6699
11.5152	18581.2344
11.5195	18580.8223
11.5237	18580.4941
11.5279	18578.8574
11.5321	18579.9785
11.5364	18581.791
11.5406	18580.8066
11.5449	18580.627
11.5491	18580.6621
11.5533	18579.0078
11.5575	18578.1738
11.5618	18579.1797
11.566	18578.8184
11.5702	18578.0371
11.5745	18578.7012
11.5787	18578.2012
11.583	18577.9668
11.5872	18579.0957
11.5915	18578.4824
11.5957	18576.752
11.5999	18576.7949
11.6041	18577.1113
11.6083	18575.9785
11.6126	18576.8301
11.6168	18577.3828
11.621	18575.9512
11.6253	18576.2676
11.6296	18577.0508
11.6338	18575.6582
11.638	18575.1426
11.6423	18575.3262
11.6464	18573.8418
11.6506	18573.4648
11.6549	18575.0859
11.6592	18574.8086
11.6634	18574.2305
11.6677	18574.2578
11.6719	18573.0449
11.6761	18571.7773
11.6803	18572.8613
11.6846	18572.7402
11.6887	18571.1875
11.693	18571.4395
11.6972	18571.6191
11.7014	18571.2168
11.7057	18572.4785
11.71	18572.7949
11.7142	18570.9648
11.7184	18570.5742
11.7227	18570.9863
11.7269	18570.0488
11.7311	18570.1406
11.7354	18570.6602
11.7396	18569.4219
11.7438	18568.5723
11.7481	18569.7617
11.7523	18569.5156
11.7565	18568.3789
11.7608	18568.752
11.765	18567.3398
11.7692	18566.1855
11.7734	18567.8926
11.7777	18568.4824
11.7819	18567.5098
11.7862	18567.8887
11.7904	18567.2285
11.7946	18565.3145
11.7989	18566.4082
11.8031	18566.9336
11.8073	18565.4277
11.8115	18565.1367
11.8158	18565.3477
11.82	18564.7754
11.8243	18565.4922
11.8286	18565.9141
11.8328	18563.7441
11.8369	18562.418
11.8412	18562.7207
11.8454	18562.5234
11.8496	18562.5938
11.8539	18563.5859
11.8582	18562.6738
11.8623	18560.9883
11.8666	18561.7148
11.8709	18561.7578
11.8751	18560.5391
11.8793	18561.1348
11.8835	18560.1758
11.8877	18558.6855
11.8919	18559.8672
11.8962	18561.1016
11.9005	18559.7734
11.9047	18559.8301
11.909	18559.418
11.9132	18557.2168
11.9174	18557.2012
11.9216	18557.8809
11.9259	18556.8887
11.9301	18556.3496
11.9343	18556.9863
11.9385	18556.2598
11.9428	18556.125
11.9471	18557.4082
11.9513	18556.3945
11.9555	18554.8555
11.9597	18554.9355
11.964	18554.5
11.9682	18553.4434
11.9724	18554.0996
11.9767	18554.4082
11.9809	18552.8438
11.9851	18553.5664
11.9894	18553.6855
11.9936	18552.0059
11.9978	18551.8848
12.0021	18551.5059
12.0062	18549.9336
12.0105	18550.3574
12.0148	18551.4844
12.019	18550.6641
12.0233	18550.7305
12.0275	18550.7227
12.0317	18548.834
12.0359	18547.877
12.0402	18548.8457
12.0444	18548.1211
12.0486	18546.834
12.0528	18547.4102
12.0571	18547.0176
12.0613	18546.4941
12.0656	18547.3945
12.0698	18546.4512
12.074	18544.9258
12.0782	18544.8086
12.0825	18545.0508
12.0867	18544.1582
12.0909	18544.6387
12.0952	18545.2109
12.0994	18543.6992
12.1037	18543.457
12.108	18543.582
12.1122	18542.1113
12.1164	18541.4102
12.1206	18541.2402
12.1248	18539.5703
12.129	18538.918
12.1333	18540.2969
12.1375	18540.0195
12.1418	18539.4609
12.146	18539.9941
12.1502	18538.8359
12.1544	18537.5938
12.1587	18538.3164
12.1629	18537.5527
12.1671	18535.7969
12.1714	18536.4102
12.1756	18536.5137
12.1798	18535.7285
12.1841	18536.5254
12.1884	18536.1914
12.1926	18533.9102
12.1968	18533.5918
12.2011	18533.457
12.2052	18532.0957
12.2095	18532.1504
12.2137	18532.5215
12.2179	18531.7773
12.2222	18531.5625
12.2264	18532.707
12.2307	18531.7539
12.2349	18529.9688
12.2391	18529.8145
12.2433	18528.7871
12.2475	18527.9551
12.2518	18529.3008
12.2561	18529.793
12.2603	18528.8613
12.2646	18529.0332
12.2688	18528.2695
12.273	18526.166
12.2772	18526.6582
12.2815	18526.2402
12.2857	18524.4043
12.2899	18524.3027
12.2942	18524.2324
12.2984	18523.377
12.3026	18523.7754
12.3069	18524.2969
12.3111	18522.2754
12.3153	18521.3535
12.3196	18521.6426
12.3238	18520.8965
12.328	18520.6133
12.3322	18521.0527
12.3365	18520.5156
12.3407	18519.1172
12.345	18519.7773
12.3492	18519.4297
12.3534	18517.8848
12.3577	18518.252
12.3619	18517.0352
12.3661	18515.0938
12.3703	18515.875
12.3746	18516.6328
12.3788	18515.002
12.3831	18514.9922
12.3873	18514.6152
12.3915	18512.2559
12.3957	18512.0273
12.4	18512.5977
12.4042	18511.3965
12.4084	18510.5176
12.4127	18510.9785
12.4169	18510.3711
12.4211	18510.1094
12.4254	18511.2148
12.4297	18510.1387
12.4339	18508.1582
12.4381	18508.0723
12.4423	18507.2832
12.4465	18506.2852
12.4508	18506.6562
12.4551	18506.3223
12.4593	18504.5078
12.4635	18505.1504
12.4678	18504.7598
12.472	18502.7539
12.4762	18502.2949
12.4804	18502.0312
12.4846	18500.4785
12.4888	18500.8086
12.4931	18502.2227
12.4973	18501.2285
12.5016	18500.7363
12.5059	18500.5918
12.5101	18498.7031
12.5143	18497.9141
12.5185	18498.4414
12.5228	18497.3887
12.527	18495.877
12.5312	18496.2695
12.5354	18495.8223
12.5397	18494.9082
12.544	18495.5566
12.5482	18493.9199
12.5524	18491.4258
12.5566	18491.3086
12.5609	18491.5527
12.5651	18490.2188
12.5693	18490.4922
12.5736	18490.5195
12.5778	18488.6777
12.582	18488.6152
12.5863	18488.8477
12.5905	18487.5879
12.5947	18486.6816
12.599	18486.4121
12.6032	18484.584
12.6074	18484.1055
12.6117	18485.166
12.6159	18484.3652
12.6201	18483.1055
12.6244	18483.1895
12.6286	18481.6738
12.6328	18480.127
12.637	18480.834
12.6413	18480.1523
12.6455	18478.125
12.6497	18478.5625
12.654	18478.3125
12.6582	18476.8438
12.6625	18477.4492
12.6667	18477.0879
12.6709	18474.9121
12.6752	18474.3301
12.6794	18474.293
12.6836	18472.4902
12.6878	18472.4492
12.6921	18472.6367
12.6963	18471.1328
12.7005	18470.5527
12.7048	18471.3086
12.7091	18469.8945
12.7132	18467.9414
12.7175	18467.7539
12.7217	18466.4746
12.7259	18465.3926
12.7302	18466.0918
12.7344	18465.8184
12.7387	18464.2246
12.7429	18463.752
12.7472	18463.0195
12.7514	18461.4609
12.7556	18461.9941
12.7598	18461.5059
12.764	18459.125
12.7683	18458.2676
12.7725	18459.0645
12.7767	18458.5312
12.781	18458.1406
12.7853	18457.8887
12.7895	18455.4609
12.7937	18454.5273
12.7979	18455.2168
12.8021	18454.1152
12.8064	18453.1934
12.8106	18453.0254
12.8149	18451.4375
12.8191	18450.207
12.8234	18451.1387
12.8276	18450.0938
12.8318	18447.584
12.8361	18447.3945
12.8403	18446.3359
12.8444	18444.9258
12.8487	18445.625
12.853	18445.9238
12.8572	18443.9512
12.8614	18443.4062
12.8657	18442.8789
12.8699	18440.6074
12.8741	18440.3105
12.8783	18440.332
12.8826	18438.3223
12.8868	18437.6348
12.891	18438.2676
12.8953	18437.4688
12.8995	18436.8887
12.9038	18436.8496
12.908	18434.4961
12.9122	18432.4609
12.9165	18432.7949
12.9207	18431.9336
12.9249	18430.1289
12.9292	18429.6543
12.9334	18428.9043
12.9376	18427.4199
12.9419	18428.1777
12.9461	18427.8438
12.9503	18425.4355
12.9545	18424.3105
12.9588	18423.4082
12.963	18421.6836
12.9672	18421.8672
12.9715	18422.8828
12.9757	18421.3438
12.98	18420.3066
12.9842	18419.6797
12.9885	18417.6309
12.9927	18416.541
12.9969	18416.6543
13.0012	18415.0664
13.0053	18413.0664
13.0096	18413.1895
13.0138	18412.4531
13.0181	18411.166
13.0223	18411.4473
13.0266	18410.1895
13.0307	18407.2695
13.035	18406.8066
13.0392	18406.8535
13.0434	18405.4609
13.0477	18405.4727
13.0519	18405.0176
13.0561	18402.793
13.0604	18402.6621
13.0647	18402.5137
13.0689	18400.0977
13.0731	18398.7598
13.0774	18398.2969
13.0815	18395.7051
13.0858	18394.8438
13.09	18396.1035
13.0943	18394.6426
13.0985	18392.9648
13.1028	18392.2402
13.107	18390.3457
13.1112	18388.4121
13.1154	18388.9023
13.1196	18387.959
13.1238	18385.8809
13.1281	18385.8398
13.1323	18385.2246
13.1366	18383.8125
13.1408	18384.0391
13.1451	18383.2754
13.1493	18380.3965
13.1535	18379.5742
13.1578	18379.1445
13.162	18377.2988
13.1662	18376.7715
13.1705	18376.6133
13.1747	18374.6309
13.1789	18373.2637
13.1832	18373.4473
13.1874	18371.7461
13.1916	18369.2773
13.1959	18368.625
13.2001	18366.7188
13.2043	18365.0117
13.2085	18365.6426
13.2128	18365.5312
13.217	18363.5859
13.2213	18362.9727
13.2255	18361.8887
13.2297	18359.4551
13.234	18359.1113
13.2382	18358.2324
13.2424	18355.5996
13.2466	18354.7148
13.2509	18354.0723
13.2551	18352.6309
13.2594	18352.2402
13.2636	18351.9648
13.2678	18348.8887
13.2721	18347.0312
13.2763	18346.9102
13.2805	18345.4648
13.2847	18344.1484
13.289	18343.6816
13.2932	18342.1523
13.2974	18340.416
13.3017	18340.7695
13.306	18339.5332
13.3102	18336.8145
13.3144	18335.8945
13.3186	18334.0859
13.3228	18331.998
13.3271	18332.4766
13.3313	18332.209
13.3355	18329.8945
13.3398	18329.0352
13.3441	18327.8125
13.3483	18324.8535
13.3525	18323.7871
13.3567	18323.4902
13.3609	18321.5195
13.3652	18319.7051
13.3694	18319.4062
13.3736	18317.918
13.3779	18316.5977
13.3822	18316.6953
13.3864	18314.4336
13.3906	18311.7363
13.3948	18311.041
13.3991	18309.4785
13.4033	18307.2539
13.4075	18306.875
13.4118	18305.6797
13.416	18303.4766
13.4202	18303.6406
13.4245	18302.6738
13.4287	18299.877
13.4329	18298.3535
13.4371	18296.7852
13.4413	18294.5918
13.4456	18294.3145
13.4498	18294.4238
13.4541	18291.8789
13.4583	18289.9512
13.4626	18289.0332
13.4668	18286.7715
13.471	18284.873
13.4753	18284.2734
13.4795	18282.2637
13.4837	18279.9375
13.4879	18279.6387
13.4922	18278.4648
13.4964	18276.8848
13.5007	18276.7637
13.5049	18274.4707
13.5091	18271.5312
13.5133	18270.8418
13.5176	18270.373
13.5218	18267.9414
13.526	18267.1914
13.5303	18265.7266
13.5345	18262.5664
13.5388	18261.9414
13.5431	18261.3066
13.5473	18258.5098
13.5515	18256.6465
13.5557	18255.2227
13.5599	18252.2051
13.5641	18250.8184
13.5684	18251.0371
13.5726	18249.3086
13.5769	18247.1699
13.5811	18245.9219
13.5853	18243.4004
13.5895	18241.1621
13.5938	18240.9082
13.598	18239.4766
13.6022	18236.3828
13.6065	18235.6582
13.6107	18234.2422
13.6149	18232.0078
13.6192	18231.5508
13.6235	18230.1309
13.6277	18226.4609
13.6319	18224.6504
13.6362	18223.1914
13.6404	18219.9824
13.6446	18218.7148
13.6488	18217.791
13.653	18215.1426
13.6573	18213.4961
13.6615	18213.2637
13.6658	18211.0859
13.67	18208.4941
13.6742	18207.2695
13.6784	18204.7969
13.6826	18202.6172
13.6869	18202.7812
13.6912	18201.5703
13.6954	18199.2129
13.6997	18197.9629
13.7039	18195.4707
13.7081	18192.2285
13.7123	18191.627
13.7166	18190.2031
13.7208	18186.7812
13.725	18185.2305
13.7293	18183.6777
13.7335	18181.1152
13.7377	18179.6367
13.742	18178.4199
13.7462	18175
13.7504	18172.4395
13.7546	18171.3652
13.7589	18169.25
13.7631	18167.541
13.7674	18166.4258
13.7716	18163.9043
13.7758	18161.209
13.7801	18160.2793
13.7843	18158.2461
13.7885	18155.0469
13.7928	18153.7832
13.797	18150.7793
13.8012	18147.541
13.8054	18146.8105
13.8097	18146.2656
13.8139	18143.2578
13.8182	18141.625
13.8224	18139.2793
13.8266	18135.0566
13.8308	18133.6602
13.8351	18132.5938
13.8393	18129.7227
13.8435	18127.6797
13.8478	18126.4648
13.852	18124.0234
13.8562	18122.6094
13.8605	18122.0645
13.8648	18118.5703
13.869	18114.8867
13.8732	18112.9434
13.8774	18110.3867
13.8816	18107.6719
13.8859	18106.6055
13.8901	18104.6367
13.8943	18101.1855
13.8986	18099.9004
13.9029	18098.3867
13.9071	18094.5508
13.9113	18092.1758
13.9155	18090.2051
13.9197	18086.6836
13.9239	18084.8672
13.9282	18084.2051
13.9324	18081.7031
13.9367	18079.8516
13.941	18077.9492
13.9452	18074.209
13.9494	18071.7383
13.9536	18070.3906
13.9579	18067.5879
13.9621	18064.1875
13.9663	18062.5391
13.9706	18059.7598
13.9748	18057.2207
13.9791	18056.5312
13.9833	18053.4512
13.9875	18048.9863
13.9917	18046.8125
13.9959	18045.373
14.0001	18042.4414
14.0044	18040.7305
14.0087	18038.959
14.0129	18035.4473
14.0171	18033.6191
14.0214	18031.6309
14.0256	18028.2676
14.0298	18025.6172
14.0341	18023.6719
14.0383	18019.6738
14.0425	18016.9551
14.0468	18016.2012
14.051	18013.6445
14.0552	18010.9102
14.0595	18008.8574
14.0637	18004.8926
14.0679	18000.7422
14.0722	17999.5566
14.0764	17997.2812
14.0806	17993.3184
14.0848	17991.418
14.0891	17988.8848
14.0933	17985.8066
14.0976	17984.7227
14.1018	17982.4688
14.106	17978.125
14.1103	17975.334
14.1145	17973.252
14.1187	17969.7344
14.1229	17967.5508
14.1272	17965.6992
14.1314	17961.998
14.1356	17959.2461
14.1399	17957.7754
14.1441	17954.334
14.1483	17950.6074
14.1526	17948.6367
14.1568	17944.9395
14.161	17941.1191
14.1653	17940.2559
14.1695	17937.9609
14.1738	17934.2383
14.178	17932.2051
14.1823	17928.9238
14.1865	17924.4062
14.1907	17922.4941
14.195	17920.1562
14.1992	17916.2383
14.2034	17913.4688
14.2076	17910.834
14.2118	17907.8613
14.2161	17906.1348
14.2204	17904.0215
14.2246	17898.9141
14.2288	17895.0312
14.233	17893.0371
14.2372	17889.9277
14.2414	17887.4336
14.2457	17885.5059
14.25	17881.6895
14.2542	17877.9902
14.2585	17875.8945
14.2627	17872.5801
14.2669	17868.3125
14.2712	17866.2109
14.2754	17862.2773
14.2795	17857.6016
14.2838	17855.8828
14.2881	17854.2812
14.2923	17850.498
14.2966	17848.2168
14.3008	17844.8789
14.305	17839.3223
14.3092	17836.6367
14.3135	17834.7012
14.3177	17830.9707
14.3219	17827.7148
14.3261	17825.2441
14.3304	17821.418
14.3346	17818.8281
14.3389	17817.0586
14.3432	17812.3105
14.3474	17807.2129
14.3516	17804.1621
14.3558	17800.8301
14.36	17797.3672
14.3643	17795.3027
14.3685	17792.4863
14.3727	17788.0117
14.3769	17785.7656
14.3812	17783.1914
14.3854	17778.877
14.3896	17776.0703
14.3939	17772.6504
14.3981	17767.7578
14.4023	17764.9434
14.4066	17763.4805
14.4108	17759.7305
14.4151	17756.2441
14.4194	17752.9082
14.4236	17747.8164
14.4278	17744.0137
14.432	17741.416
14.4363	17737.6328
14.4404	17733.4336
14.4447	17730.5801
14.4489	17726.6016
14.4531	17723.1309
14.4574	17721.1133
14.4617	17717.2539
14.4658	17711.9473
14.4701	17708.8359
14.4743	17705.8613
14.4785	17701.7715
14.4828	17699.2539
14.487	17696.082
14.4913	17691.1855
14.4955	17687.666
14.4998	17684.8008
14.504	17680.4082
14.5082	17676.8867
14.5125	17673.6836
14.5167	17668.4746
14.5209	17664.4707
14.5251	17662.584
14.5294	17658.8711
14.5336	17654.9473
14.5379	17652.0996
14.5421	17647.0312
14.5463	17642.0293
14.5505	17639.4551
14.5547	17635.9531
14.5589	17631.4219
14.5632	17628.6289
14.5674	17624.9512
14.5717	17620.6406
14.5759	17618.4902
14.5802	17614.7207
14.5844	17608.8926
14.5886	17604.9551
14.5929	17601.3223
14.5971	17596.457
14.6013	17593.3047
14.6056	17590.4902
14.6098	17585.5332
14.614	17581.418
14.6183	17578.4434
14.6225	17573.7305
14.6267	17569.0254
14.631	17565.8223
14.6352	17560.9531
14.6393	17556.2109
14.6436	17553.873
14.6479	17550.6328
14.6521	17546.377
14.6564	17542.9414
14.6606	17538.2441
14.6648	17532.8262
14.6691	17529.6738
14.6733	17525.8633
14.6775	17520.4902
14.6817	17516.3594
14.686	17512.4844
14.6902	17508.1035
14.6944	17505.043
14.6987	17501.7793
14.7029	17495.7188
14.7071	17490.7715
14.7114	17487.2246
14.7156	17482.7246
14.7198	17478.9707
14.7241	17475.7324
14.7283	17471.2988
14.7325	17466.4531
14.7368	17463.3906
14.7411	17458.832
14.7453	17453.4531
14.7495	17449.7988
14.7537	17444.3242
14.7579	17438.9062
14.7622	17436.1133
14.7664	17433.0703
14.7707	17427.9551
14.7749	17424.0605
14.7792	17419.3613
14.7833	17412.5078
14.7876	17408.4043
14.7918	17405.2852
14.796	17400.0664
14.8003	17395.7949
14.8045	17392.2246
14.8087	17387.3164
14.813	17383.0352
14.8173	17379.877
14.8215	17374.5195
14.8257	17368.6211
14.8299	17364.3594
14.8341	17359.7246
14.8384	17355.1016
14.8426	17351.416
14.8469	17346.8125
14.8511	17341.0215
14.8553	17337.4004
14.8596	17333.1172
14.8638	17327.0195
14.868	17322.5781
14.8723	17317.959
14.8764	17312.0898
14.8807	17307.959
14.885	17304.6055
14.8892	17299.3086
14.8934	17294.6816
14.8977	17290.2305
14.9019	17284.0684
14.9061	17279.3008
14.9104	17275.627
14.9146	17270.3379
14.9188	17265.0723
14.923	17260.75
14.9273	17255.3672
14.9315	17250.1816
14.9358	17246.9277
14.94	17241.4102
14.9442	17234.8574
14.9484	17230.1836
14.9527	17225.7207
14.9569	17220.5078
14.9611	17216.6387
14.9654	17212.0137
14.9696	17205.5156
14.9739	17201.127
14.9781	17196.8477
14.9824	17190.3984
14.9866	17185.2227
14.9908	17180.459
14.995	17174.1582
14.9992	17169.4785
15.0035	17166.0625
15.0077	17160.5312
15.012	17155.041
15.0162	17150.5293
15.0205	17143.8477
15.0246	17137.6914
15.0289	17133.8555
15.0331	17128.6914
15.0373	17122.0684
15.0416	17117.875
15.0458	17112.8789
15.05	17106.9902
15.0543	17103.0195
15.0586	17097.7637
15.0628	17090.4805
15.067	17084.9297
15.0712	17080.2617
15.0754	17074.1387
15.0797	17069.2324
15.0839	17064.7246
15.0881	17058.5469
15.0924	17053.293
15.0966	17048.8281
15.1009	17042.5879
15.1051	17036.1445
15.1093	17031.0625
15.1135	17024.8105
15.1177	17019.0117
15.122	17015.2559
15.1263	17010.0078
15.1305	17003.6289
15.1348	16998.4863
15.139	16992.252
15.1432	16984.875
15.1475	16980.1641
15.1517	16974.7305
15.1559	16967.4492
15.1601	16962.2012
15.1644	16957.4766
15.1686	16951.2188
15.1728	16946.0977
15.1771	16941.002
15.1813	16933.5391
15.1855	16927.6523
15.1898	16922.6934
15.194	16916.123
15.1982	16910.1738
15.2024	16904.8457
15.2067	16898.4902
15.2109	16892.0547
15.2152	16887.3184
15.2195	16881.1113
15.2237	16873.5254
15.2279	16867.5957
15.2321	16861.5078
15.2363	16854.9941
15.2405	16850.5371
15.2448	16845.1504
15.249	16837.5898
15.2533	16831.957
15.2575	16826.3848
15.2617	16818.6367
15.2659	16812.8379
15.2702	16807.3223
15.2744	16799.9277
15.2786	16794.0078
15.2829	16788.8027
15.2871	16782.2715
15.2913	16776.3496
15.2956	16770.9277
15.2999	16763.2715
15.3041	16755.6953
15.3083	16749.9453
15.3125	16743.3164
15.3167	16736.2539
15.321	16730.8906
15.3252	16724.6387
15.3295	16716.7715
15.3337	16711.627
15.338	16705.4922
15.3421	16697.541
15.3464	16691.166
15.3506	16684.6934
15.3548	16677.043
15.359	16671.4219
15.3633	16666.293
15.3676	16658.834
15.3718	16652.0195
15.3761	16645.4961
15.3803	16637.6133
15.3845	16631.0352
15.3887	16625.2969
15.393	16617.6094
15.3972	16609.8496
15.4014	16603.7461
15.4057	16597.0918
15.4099	16590.0801
15.4142	16584.3359
15.4184	16576.3789
15.4226	16567.6641
15.4268	16561.5859
15.431	16555.3672
15.4352	16547.6973
15.4395	16541.5645
15.4438	16534.9961
15.448	16526.3867
15.4522	16519.7363
15.4565	16513.3906
15.4607	16505.1191
15.4649	16497.7207
15.4692	16490.9316
15.4734	16482.4922
15.4776	16475.5332
15.4818	16470.1699
15.4861	16462.3965
15.4903	16454.6016
15.4946	16447.6113
15.4988	16438.8711
15.503	16430.4863
15.5073	16424.3652
15.5115	16416.5664
15.5157	16407.8984
15.5199	16401.6699
15.5242	16394.7461
15.5284	16386.7656
15.5327	16380.3857
15.537	16372.748
15.5412	16363.2188
15.5454	16355.5605
15.5496	16348.2676
15.5538	16339.4961
15.558	16332.251
15.5623	16325.2461
15.5665	16316.4551
15.5707	16309.1553
15.575	16302.3926
15.5793	16293.626
15.5835	16284.6621
15.5877	16277.0674
15.5919	16268.4561
15.5961	16260.2275
15.6004	16254.0332
15.6046	16246.2861
15.6088	16237.3789
15.6131	16229.9805
15.6174	16221.4365
15.6215	16211.8926
15.6258	16204.6699
15.63	16196.4727
15.6342	16186.7861
15.6385	16179.3086
15.6427	16171.8359
15.6469	16163.0508
15.6512	16155.3555
15.6555	16147.2832
15.6597	16137.0381
15.6639	16128.3896
15.6681	16120.8799
15.6723	16111.6748
15.6766	16103.1826
15.6808	16095.3486
15.6851	16085.7754
15.6893	16076.5332
15.6936	16069.1221
15.6978	16060.3154
15.702	16050.2285
15.7063	16041.873
15.7105	16032.5957
15.7146	16022.96
15.7189	16015.6162
15.7232	16007.667
15.7274	15997.752
15.7316	15988.918
15.7359	15979.7744
15.7401	15969.3135
15.7443	15960.7607
15.7486	15952.3115
15.7528	15942.0547
15.757	15933.0381
15.7612	15925.0293
15.7655	15915.4248
15.7697	15906.1172
15.774	15897.8008
15.7782	15886.9141
15.7824	15876.6162
15.7867	15868.4121
15.7909	15858.7314
15.7951	15848.2402
15.7993	15839.4297
15.8036	15829.6982
15.8078	15819.5879
15.8121	15811.7197
15.8163	15801.8965
15.8205	15790.2949
15.8247	15780.4795
15.829	15770.8398
15.8332	15760.4971
15.8374	15751.7607
15.8417	15742.4727
15.8459	15731.582
15.8502	15721.6084
15.8545	15712.0029
15.8587	15700.4971
15.8629	15690.0654
15.8671	15680.5469
15.8713	15669.373
15.8755	15657.999
15.8798	15649.0508
15.884	15638.8887
15.8882	15628.5215
15.8925	15618.999
15.8968	15607.3525
15.9009	15595.0234
15.9052	15585.6172
15.9094	15575.4951
15.9136	15563.7979
15.9179	15553.4609
15.9221	15542.665
15.9263	15530.5166
15.9306	15520.8047
15.9349	15510.2422
15.9391	15497.5508
15.9433	15485.8672
15.9476	15474.2881
15.9517	15461.8486
15.956	15451.0078
15.9602	15441.4229
15.9645	15429.5479
15.9687	15417.3857
15.973	15406.1514
15.9772	15393.6455
15.9814	15381.0059
15.9856	15370.3594
15.9899	15358.29
15.994	15345.2529
15.9983	15334.5586
16.0025	15323.0283
16.0068	15310.333
16.011	15299.3809
16.0153	15286.8164
16.0195	15272.7119
16.0237	15260.4785
16.028	15248.4297
16.0322	15234.5127
16.0364	15222.1816
16.0407	15210.1162
16.0449	15196.665
16.0491	15184.2031
16.0534	15172.083
16.0576	15158.166
16.0618	15144.248
16.066	15131.3535
16.0702	15117.4258
16.0744	15104.1787
16.0787	15092.6016
16.083	15079.2646
16.0872	15064.8271
16.0915	15051.2803
16.0958	15036.4102
16.0999	15020.665
16.1042	15007.4814
16.1084	14993.1006
16.1126	14977.1572
16.1168	14963.2139
16.1211	14949.1934
16.1253	14933.7832
16.1296	14919.3545
16.1339	14904.5205
16.1381	14887.4873
16.1422	14871.501
16.1465	14856.7578
16.1507	14840.2012
16.1549	14824.1699
16.1592	14808.6113
16.1634	14791.3711
16.1676	14774.166
16.1719	14758.5244
16.1762	14741.0361
16.1804	14722.585
16.1846	14705.2871
16.1888	14686.1064
16.193	14666.6221
16.1973	14649.1943
16.2015	14630.6006
16.2058	14609.9297
16.21	14590.3086
16.2143	14569.5049
16.2185	14546.0742
16.2227	14524.2969
16.2269	14501.8262
16.2311	14476.832
16.2353	14452.2012
16.2396	14426.9492
16.2438	14398.6016
16.2481	14367.3926
16.2524	14327.3604
16.2566	14275.8125
16.2608	14207.6299
16.265	13183.8184
16.2695	7814.9961
16.2739	4037.9148
16.2782	2735.0413
16.2823	2449.3381
16.2864	2359.5039
16.2905	2197.4644
16.2948	1932.1068
16.299	1620.1929
16.3032	1264.7041
16.3074	678.919
16.3117	-289.7438
16.3159	-753.5011
16.3201	-830.3578
16.3243	-791.7255
16.3286	-758.9796
16.3328	-748.2768
16.337	-748.1985
16.3412	-750.1848
16.3455	-751.1664
16.3497	-751.6097
16.3539	-751.5106
16.3581	-751.4691
16.3624	-751.4525
16.3666	-751.3353
16.3709	-751.3769
16.3751	-751.5406
16.3793	-751.498
16.3836	-751.2145
16.3878	-751.3094
16.392	-751.5743
16.3962	-751.6229
16.4005	-751.6313
16.4047	-751.6776
16.409	-751.8046
16.4132	-751.7046
16.4174	-751.3519
16.4217	-751.4241
16.4259	-751.5335
16.4301	-751.7424
16.4343	-751.9978
16.4386	-752.2316
16.4428	-752.0551
16.4471	-751.8948
16.4513	-751.8141
16.4556	-751.7841
16.4597	-751.789
16.464	-751.8318
16.4682	-751.9271
16.4724	-751.9637
16.4766	-751.9209
16.4809	-751.7995
16.4851	-751.8192
16.4894	-751.6699
16.4937	-751.8264
16.4979	-752.0613
16.5021	-751.8785
16.5063	-751.9485
16.5105	-751.8328
16.5148	-751.8015
16.519	-752.015
16.5232	-752.1547
16.5275	-751.874
16.5318	-751.8236
16.536	-751.7552
16.5402	-751.7338
16.5444	-752.1559
16.5486	-752.1578
16.5528	-751.8439
16.5571	-751.7682
16.5613	-751.8955
16.5656	-751.8445
16.5699	-751.8899
16.5741	-751.9069
16.5783	-751.8946
16.5825	-751.9081
16.5868	-751.8267
16.591	-751.7474
16.5952	-751.8088
16.5995	-751.6488
16.6037	-751.7767
16.6079	-752.2181
16.6122	-752.3411
16.6164	-751.8795
16.6206	-751.7742
16.6248	-752.0713
16.6291	-752.1095
16.6333	-752.0017
16.6375	-751.9133
16.6418	-751.9301
16.646	-751.9391
16.6503	-751.8096
16.6545	-751.8242
16.6588	-751.6877
16.663	-751.651
16.6672	-751.8528
16.6714	-751.8155
16.6756	-751.787
16.6799	-751.5638
16.6841	-751.5121
16.6884	-751.5211
16.6926	-751.6087
16.6968	-751.8014
16.701	-751.8589
16.7053	-751.6868
16.7095	-751.6186
16.7137	-751.69
16.718	-751.8073
16.7222	-751.7074
16.7264	-751.5184
16.7307	-751.413
16.735	-751.5436
16.7392	-751.3976
16.7434	-751.3328
16.7476	-751.4238
16.7519	-751.2693
16.7561	-751.3384
16.7604	-751.4479
16.7646	-751.4096
16.7688	-751.2055
16.7731	-751.4267
16.7773	-751.4204
16.7815	-751.4426
16.7857	-751.4104
16.7899	-751.1447
16.7941	-751.275
16.7984	-751.2897
16.8026	-751.3173
16.8069	-751.1935
16.8112	-751.3948
16.8154	-751.3377
16.8196	-751.2984
16.8238	-751.3913
16.8281	-751.3834
16.8323	-751.3445
16.8365	-751.2279
16.8408	-751.4297
16.845	-751.3994
16.8493	-751.239
16.8535	-751.0675
16.8577	-750.9666
16.8619	-750.9858
16.8661	-750.9858
16.8703	-750.9393
16.8746	-750.9818
16.8789	-750.8198
16.8831	-750.8527
16.8873	-751.0472
16.8916	-751.104
16.8958	-751.15
16.9001	-751.241
16.9043	-751.3365
16.9085	-751.0745
16.9127	-750.928
16.9169	-750.9244
16.9212	-751.0768
16.9255	-751.0582
16.9297	-751.1344
16.9339	-750.9394
16.9381	-750.8494
16.9423	-750.756
16.9466	-750.8703
16.9508	-750.9916
16.955	-750.8928
16.9593	-750.6719
16.9635	-750.6816
16.9678	-750.7589
16.972	-750.8765
16.9763	-750.8223
16.9805	-750.7633
16.9847	-750.6486
16.9889	-750.6291
16.9931	-750.5873
16.9974	-750.5202
17.0016	-750.6299
17.0058	-750.6452
17.0101	-750.7374
17.0144	-750.9202
17.0186	-751.0288
17.0228	-750.6398
17.0249	-750.7629
